--- polybar launch @ vie 01 ago 2025 09:46:46 CEST ---
Launching on monitor: DP-4
Launching on monitor: DP-0
Launching on monitor: HDMI-0
All bars launched!
polybar|notice:  Parsing config file: /home/roberto/.config/polybar/config.ini
polybar|notice:  Parsing config file: /home/roberto/.config/polybar/config.ini
polybar|notice:  Parsing config file: /home/roberto/.config/polybar/config.ini
polybar|warn:  No monitor specified, using "DP-4"
polybar|warn:  No monitor specified, using "DP-4"
polybar|warn:  No monitor specified, using "DP-4"
polybar|notice:  Loading module 'workspaces' of type 'internal/i3'
polybar|notice:  Loading module 'workspaces' of type 'internal/i3'
polybar|notice:  Loading module 'workspaces' of type 'internal/i3'
polybar|notice:  Loading module 'date' of type 'internal/date'
polybar|notice:  Loading module 'date' of type 'internal/date'
polybar|notice:  Loading module 'date' of type 'internal/date'
polybar|notice:  Loading module 'cpu' of type 'internal/cpu'
polybar|notice:  Loading module 'cpu' of type 'internal/cpu'
polybar|notice:  Loading module 'cpu' of type 'internal/cpu'
polybar|notice:  Loading module 'memory' of type 'internal/memory'
polybar|notice:  Loading module 'memory' of type 'internal/memory'
polybar|notice:  Loading module 'volume' of type 'internal/volume'
polybar|warn:  internal/volume is deprecated, use internal/alsa instead
polybar|notice:  Loading module 'memory' of type 'internal/memory'
polybar|notice:  Loading module 'volume' of type 'internal/volume'
polybar|warn:  internal/volume is deprecated, use internal/alsa instead
polybar|notice:  Loading module 'volume' of type 'internal/volume'
polybar|warn:  internal/volume is deprecated, use internal/alsa instead
polybar|error: Disabling module "volume" (reason: <ramp> is not a valid format tag for "format-volume")
polybar|notice:  Loaded 4 modules
polybar|error: Disabling module "volume" (reason: <ramp> is not a valid format tag for "format-volume")
polybar|error: Disabling module "volume" (reason: <ramp> is not a valid format tag for "format-volume")
polybar|notice:  Loaded 4 modules
polybar|notice:  Loaded 4 modules
polybar|notice:  Loaded font "pango:JetBrainsMono Nerd Font:size=10" (name=Noto Sans, offset=0, file=/usr/share/fonts/noto/NotoSans-Regular.ttf)
polybar|notice:  Loaded font "pango:JetBrainsMono Nerd Font:size=10" (name=Noto Sans, offset=0, file=/usr/share/fonts/noto/NotoSans-Regular.ttf)
polybar|notice:  Loaded font "pango:JetBrainsMono Nerd Font:size=10" (name=Noto Sans, offset=0, file=/usr/share/fonts/noto/NotoSans-Regular.ttf)
polybar|notice:  Loaded font "FontAwesome:size=10" (name=FontAwesome, offset=1, file=/usr/share/fonts/awesome-terminal-fonts/fontawesome-regular.ttf)
polybar|notice:  Loaded font "FontAwesome:size=10" (name=FontAwesome, offset=1, file=/usr/share/fonts/awesome-terminal-fonts/fontawesome-regular.ttf)
polybar|notice:  Loaded font "FontAwesome:size=10" (name=FontAwesome, offset=1, file=/usr/share/fonts/awesome-terminal-fonts/fontawesome-regular.ttf)
polybar|error: Parser error (reason: Invalid color: '${env:MONITOR_COLOR_ACC' (Context: '%{F${env:MONITOR_COLOR_ACC'))
polybar|error: Parser error (reason: Invalid color: '${env:MONITOR_COLOR_ACC' (Context: '%{F${env:MONITOR_COLOR_ACC'))
polybar|error: Parser error (reason: Invalid color: '${env:MONITOR_COLOR_ACC' (Context: '%{F${env:MONITOR_COLOR_ACC'))
polybar|warn:  Dropping unmatched character '' (U+e0b3) in '}} 2025-08-01  09:46:46 '
polybar|warn:  Dropping unmatched character '' (U+e0b3) in '}} 2025-08-01  09:46:46 '
polybar|warn:  Dropping unmatched character '' (U+e0b3) in '}} 2025-08-01  09:46:46 '
polybar|error: Parser error (reason: Invalid color: '${env:MONITOR_COLOR_ACC' (Context: '%{F${env:MONITOR_COLOR_ACC'))
polybar|error: Parser error (reason: Invalid color: '${env:MONITOR_COLOR_ACC' (Context: '%{F${env:MONITOR_COLOR_ACC'))
polybar|error: Parser error (reason: Invalid color: '${env:MONITOR_COLOR_ACC' (Context: '%{F${env:MONITOR_COLOR_ACC'))
polybar|warn:  Dropping unmatched character '' (U+f444) in '}} <usage> '
polybar|error: Parser error (reason: Invalid color: '${env:MONITOR_COLOR_ACC' (Context: '%{F${env:MONITOR_COLOR_ACC'))
polybar|warn:  Dropping unmatched character '' (U+f538) in '}} <used_mem> '
polybar|warn:  Dropping unmatched character '' (U+f444) in '}} <usage> '
polybar|warn:  Dropping unmatched character '' (U+f444) in '}} <usage> '
polybar|error: Parser error (reason: Invalid color: '${env:MONITOR_COLOR_ACC' (Context: '%{F${env:MONITOR_COLOR_ACC'))
polybar|warn:  Dropping unmatched character '' (U+f538) in '}} <used_mem> '
polybar|error: Parser error (reason: Invalid color: '${env:MONITOR_COLOR_ACC' (Context: '%{F${env:MONITOR_COLOR_ACC'))
polybar|warn:  Dropping unmatched character '' (U+f538) in '}} <used_mem> '
polybar|warn:  Dropping unmatched character '' (U+e266) in '}} <used_mem> '
polybar|warn:  Dropping unmatched character '' (U+e266) in '}} <used_mem> '
polybar|warn:  Dropping unmatched character '' (U+e266) in '}} <used_mem> '
polybar|error: Parser error (reason: Invalid color: '${env:MONITOR_COLOR_HI' (Context: '%{F${env:MONITOR_COLOR_HI'))
polybar|error: Parser error (reason: Invalid color: '${env:MONITOR_COLOR_HI' (Context: '%{F${env:MONITOR_COLOR_HI'))
polybar|error: Parser error (reason: Invalid color: '${env:MONITOR_COLOR_HI' (Context: '%{F${env:MONITOR_COLOR_HI'))
polybar|error: Parser error (reason: Invalid color: '${env:MONITOR_COLOR_ACC' (Context: '%{F${env:MONITOR_COLOR_ACC'))
polybar|error: Parser error (reason: Invalid color: '${env:MONITOR_COLOR_ACC' (Context: '%{F${env:MONITOR_COLOR_ACC'))
polybar|warn:  Dropping unmatched character '' (U+e0b3) in '}} 2025-08-01  09:46:46 '
polybar|warn:  Dropping unmatched character '' (U+e0b3) in '}} 2025-08-01  09:46:46 '
polybar|error: Parser error (reason: Invalid color: '${env:MONITOR_COLOR_ACC' (Context: '%{F${env:MONITOR_COLOR_ACC'))
polybar|error: Parser error (reason: Invalid color: '${env:MONITOR_COLOR_ACC' (Context: '%{F${env:MONITOR_COLOR_ACC'))
polybar|error: Parser error (reason: Invalid color: '${env:MONITOR_COLOR_ACC' (Context: '%{F${env:MONITOR_COLOR_ACC'))
polybar|warn:  Dropping unmatched character '' (U+f444) in '}} <usage> '
polybar|warn:  Dropping unmatched character '' (U+f444) in '}} <usage> '
polybar|warn:  Dropping unmatched character '' (U+e0b3) in '}} 2025-08-01  09:46:46 '
polybar|error: Parser error (reason: Invalid color: '${env:MONITOR_COLOR_ACC' (Context: '%{F${env:MONITOR_COLOR_ACC'))
polybar|error: Parser error (reason: Invalid color: '${env:MONITOR_COLOR_ACC' (Context: '%{F${env:MONITOR_COLOR_ACC'))
polybar|warn:  Dropping unmatched character '' (U+f538) in '}} <used_mem> '
polybar|warn:  Dropping unmatched character '' (U+f538) in '}} <used_mem> '
polybar|warn:  Dropping unmatched character '' (U+e266) in '}} <used_mem> '
polybar|warn:  Dropping unmatched character '' (U+e266) in '}} <used_mem> '
polybar|error: Parser error (reason: Invalid color: '${env:MONITOR_COLOR_ACC' (Context: '%{F${env:MONITOR_COLOR_ACC'))
polybar|warn:  Dropping unmatched character '' (U+f444) in '}} <usage> '
polybar|error: Parser error (reason: Invalid color: '${env:MONITOR_COLOR_ACC' (Context: '%{F${env:MONITOR_COLOR_ACC'))
polybar|warn:  Dropping unmatched character '' (U+f538) in '}} <used_mem> '
polybar|warn:  Dropping unmatched character '' (U+e266) in '}} <used_mem> '
polybar|error: Parser error (reason: Invalid color: '${env:MONITOR_COLOR_HI' (Context: '%{F${env:MONITOR_COLOR_HI'))
polybar|error: Parser error (reason: Invalid color: '${env:MONITOR_COLOR_HI' (Context: '%{F${env:MONITOR_COLOR_HI'))
polybar|error: Parser error (reason: Invalid color: '${env:MONITOR_COLOR_HI' (Context: '%{F${env:MONITOR_COLOR_HI'))
polybar|error: Parser error (reason: Invalid color: '${env:MONITOR_COLOR_ACC' (Context: '%{F${env:MONITOR_COLOR_ACC'))
polybar|error: Parser error (reason: Invalid color: '${env:MONITOR_COLOR_ACC' (Context: '%{F${env:MONITOR_COLOR_ACC'))
polybar|warn:  Dropping unmatched character '' (U+e0b3) in '}} 2025-08-01  09:46:46 '
polybar|error: Parser error (reason: Invalid color: '${env:MONITOR_COLOR_ACC' (Context: '%{F${env:MONITOR_COLOR_ACC'))
polybar|error: Parser error (reason: Invalid color: '${env:MONITOR_COLOR_ACC' (Context: '%{F${env:MONITOR_COLOR_ACC'))
polybar|warn:  Dropping unmatched character '' (U+e0b3) in '}} 2025-08-01  09:46:46 '
polybar|warn:  Dropping unmatched character '' (U+e0b3) in '}} 2025-08-01  09:46:46 '
polybar|warn:  Dropping unmatched character '' (U+f444) in '}} <usage> '
polybar|error: Parser error (reason: Invalid color: '${env:MONITOR_COLOR_ACC' (Context: '%{F${env:MONITOR_COLOR_ACC'))
polybar|warn:  Dropping unmatched character '' (U+f538) in '}} <used_mem> '
polybar|warn:  Dropping unmatched character '' (U+e266) in '}} <used_mem> '
polybar|error: Parser error (reason: Invalid color: '${env:MONITOR_COLOR_ACC' (Context: '%{F${env:MONITOR_COLOR_ACC'))
polybar|error: Parser error (reason: Invalid color: '${env:MONITOR_COLOR_ACC' (Context: '%{F${env:MONITOR_COLOR_ACC'))
polybar|warn:  Dropping unmatched character '' (U+f444) in '}} <usage> '
polybar|warn:  Dropping unmatched character '' (U+f444) in '}} <usage> '
polybar|error: Parser error (reason: Invalid color: '${env:MONITOR_COLOR_ACC' (Context: '%{F${env:MONITOR_COLOR_ACC'))
polybar|error: Parser error (reason: Invalid color: '${env:MONITOR_COLOR_ACC' (Context: '%{F${env:MONITOR_COLOR_ACC'))
polybar|warn:  Dropping unmatched character '' (U+f538) in '}} <used_mem> '
polybar|warn:  Dropping unmatched character '' (U+f538) in '}} <used_mem> '
polybar|warn:  Dropping unmatched character '' (U+e266) in '}} <used_mem> '
polybar|warn:  Dropping unmatched character '' (U+e266) in '}} <used_mem> '
polybar|error: Parser error (reason: Invalid color: '${env:MONITOR_COLOR_HI' (Context: '%{F${env:MONITOR_COLOR_HI'))
polybar|error: Parser error (reason: Invalid color: '${env:MONITOR_COLOR_HI' (Context: '%{F${env:MONITOR_COLOR_HI'))
polybar|error: Parser error (reason: Invalid color: '${env:MONITOR_COLOR_HI' (Context: '%{F${env:MONITOR_COLOR_HI'))
polybar|error: Parser error (reason: Invalid color: '${env:MONITOR_COLOR_ACC' (Context: '%{F${env:MONITOR_COLOR_ACC'))
polybar|error: Parser error (reason: Invalid color: '${env:MONITOR_COLOR_ACC' (Context: '%{F${env:MONITOR_COLOR_ACC'))
polybar|warn:  Dropping unmatched character '' (U+e0b3) in '}} 2025-08-01  09:46:46 '
polybar|error: Parser error (reason: Invalid color: '${env:MONITOR_COLOR_ACC' (Context: '%{F${env:MONITOR_COLOR_ACC'))
polybar|warn:  Dropping unmatched character '' (U+e0b3) in '}} 2025-08-01  09:46:46 '
polybar|error: Parser error (reason: Invalid color: '${env:MONITOR_COLOR_ACC' (Context: '%{F${env:MONITOR_COLOR_ACC'))
polybar|warn:  Dropping unmatched character '' (U+e0b3) in '}} 2025-08-01  09:46:46 '
polybar|error: Parser error (reason: Invalid color: '${env:MONITOR_COLOR_ACC' (Context: '%{F${env:MONITOR_COLOR_ACC'))
polybar|warn:  Dropping unmatched character '' (U+f444) in '}} <usage> '
polybar|error: Parser error (reason: Invalid color: '${env:MONITOR_COLOR_ACC' (Context: '%{F${env:MONITOR_COLOR_ACC'))
polybar|error: Parser error (reason: Invalid color: '${env:MONITOR_COLOR_ACC' (Context: '%{F${env:MONITOR_COLOR_ACC'))
polybar|warn:  Dropping unmatched character '' (U+f444) in '}} <usage> '
polybar|warn:  Dropping unmatched character '' (U+f538) in '}} <used_mem> '
polybar|warn:  Dropping unmatched character '' (U+f444) in '}} <usage> '
polybar|warn:  Dropping unmatched character '' (U+e266) in '}} <used_mem> '
polybar|error: Parser error (reason: Invalid color: '${env:MONITOR_COLOR_ACC' (Context: '%{F${env:MONITOR_COLOR_ACC'))
polybar|error: Parser error (reason: Invalid color: '${env:MONITOR_COLOR_ACC' (Context: '%{F${env:MONITOR_COLOR_ACC'))
polybar|warn:  Dropping unmatched character '' (U+f538) in '}} <used_mem> '
polybar|warn:  Dropping unmatched character '' (U+f538) in '}} <used_mem> '
polybar|warn:  Dropping unmatched character '' (U+e266) in '}} <used_mem> '
polybar|warn:  Dropping unmatched character '' (U+e266) in '}} <used_mem> '
polybar|error: Parser error (reason: Invalid color: '${env:MONITOR_COLOR_HI' (Context: '%{F${env:MONITOR_COLOR_HI'))
polybar|error: Parser error (reason: Invalid color: '${env:MONITOR_COLOR_HI' (Context: '%{F${env:MONITOR_COLOR_HI'))
polybar|error: Parser error (reason: Invalid color: '${env:MONITOR_COLOR_HI' (Context: '%{F${env:MONITOR_COLOR_HI'))
polybar|error: Parser error (reason: Invalid color: '${env:MONITOR_COLOR_ACC' (Context: '%{F${env:MONITOR_COLOR_ACC'))
polybar|error: Parser error (reason: Invalid color: '${env:MONITOR_COLOR_ACC' (Context: '%{F${env:MONITOR_COLOR_ACC'))
polybar|error: Parser error (reason: Invalid color: '${env:MONITOR_COLOR_ACC' (Context: '%{F${env:MONITOR_COLOR_ACC'))
polybar|warn:  Dropping unmatched character '' (U+e0b3) in '}} 2025-08-01  09:46:50 '
polybar|warn:  Dropping unmatched character '' (U+e0b3) in '}} 2025-08-01  09:46:50 '
polybar|warn:  Dropping unmatched character '' (U+e0b3) in '}} 2025-08-01  09:46:50 '
polybar|error: Parser error (reason: Invalid color: '${env:MONITOR_COLOR_ACC' (Context: '%{F${env:MONITOR_COLOR_ACC'))
polybar|error: Parser error (reason: Invalid color: '${env:MONITOR_COLOR_ACC' (Context: '%{F${env:MONITOR_COLOR_ACC'))
polybar|warn:  Dropping unmatched character '' (U+f444) in '}} <usage> '
polybar|error: Parser error (reason: Invalid color: '${env:MONITOR_COLOR_ACC' (Context: '%{F${env:MONITOR_COLOR_ACC'))
polybar|warn:  Dropping unmatched character '' (U+f444) in '}} <usage> '
polybar|error: Parser error (reason: Invalid color: '${env:MONITOR_COLOR_ACC' (Context: '%{F${env:MONITOR_COLOR_ACC'))
polybar|error: Parser error (reason: Invalid color: '${env:MONITOR_COLOR_ACC' (Context: '%{F${env:MONITOR_COLOR_ACC'))
polybar|warn:  Dropping unmatched character '' (U+f538) in '}} <used_mem> '
polybar|warn:  Dropping unmatched character '' (U+f444) in '}} <usage> '
polybar|warn:  Dropping unmatched character '' (U+f538) in '}} <used_mem> '
polybar|warn:  Dropping unmatched character '' (U+e266) in '}} <used_mem> '
polybar|warn:  Dropping unmatched character '' (U+e266) in '}} <used_mem> '
polybar|error: Parser error (reason: Invalid color: '${env:MONITOR_COLOR_ACC' (Context: '%{F${env:MONITOR_COLOR_ACC'))
polybar|warn:  Dropping unmatched character '' (U+f538) in '}} <used_mem> '
polybar|warn:  Dropping unmatched character '' (U+e266) in '}} <used_mem> '
polybar|error: Parser error (reason: Invalid color: '${env:MONITOR_COLOR_HI' (Context: '%{F${env:MONITOR_COLOR_HI'))
polybar|error: Parser error (reason: Invalid color: '${env:MONITOR_COLOR_HI' (Context: '%{F${env:MONITOR_COLOR_HI'))
polybar|error: Parser error (reason: Invalid color: '${env:MONITOR_COLOR_HI' (Context: '%{F${env:MONITOR_COLOR_HI'))
polybar|error: Parser error (reason: Invalid color: '${env:MONITOR_COLOR_ACC' (Context: '%{F${env:MONITOR_COLOR_ACC'))
polybar|error: Parser error (reason: Invalid color: '${env:MONITOR_COLOR_ACC' (Context: '%{F${env:MONITOR_COLOR_ACC'))
polybar|error: Parser error (reason: Invalid color: '${env:MONITOR_COLOR_ACC' (Context: '%{F${env:MONITOR_COLOR_ACC'))
polybar|warn:  Dropping unmatched character '' (U+e0b3) in '}} 2025-08-01  09:46:55 '
polybar|warn:  Dropping unmatched character '' (U+e0b3) in '}} 2025-08-01  09:46:55 '
polybar|warn:  Dropping unmatched character '' (U+e0b3) in '}} 2025-08-01  09:46:55 '
polybar|error: Parser error (reason: Invalid color: '${env:MONITOR_COLOR_ACC' (Context: '%{F${env:MONITOR_COLOR_ACC'))
polybar|error: Parser error (reason: Invalid color: '${env:MONITOR_COLOR_ACC' (Context: '%{F${env:MONITOR_COLOR_ACC'))
polybar|error: Parser error (reason: Invalid color: '${env:MONITOR_COLOR_ACC' (Context: '%{F${env:MONITOR_COLOR_ACC'))
polybar|warn:  Dropping unmatched character '' (U+f444) in '}} <usage> '
polybar|warn:  Dropping unmatched character '' (U+f444) in '}} <usage> '
polybar|warn:  Dropping unmatched character '' (U+f444) in '}} <usage> '
polybar|error: Parser error (reason: Invalid color: '${env:MONITOR_COLOR_ACC' (Context: '%{F${env:MONITOR_COLOR_ACC'))
polybar|error: Parser error (reason: Invalid color: '${env:MONITOR_COLOR_ACC' (Context: '%{F${env:MONITOR_COLOR_ACC'))
polybar|error: Parser error (reason: Invalid color: '${env:MONITOR_COLOR_ACC' (Context: '%{F${env:MONITOR_COLOR_ACC'))
polybar|warn:  Dropping unmatched character '' (U+f538) in '}} <used_mem> '
polybar|warn:  Dropping unmatched character '' (U+f538) in '}} <used_mem> '
polybar|warn:  Dropping unmatched character '' (U+f538) in '}} <used_mem> '
polybar|warn:  Dropping unmatched character '' (U+e266) in '}} <used_mem> '
polybar|warn:  Dropping unmatched character '' (U+e266) in '}} <used_mem> '
polybar|warn:  Dropping unmatched character '' (U+e266) in '}} <used_mem> '
polybar|error: Parser error (reason: Invalid color: '${env:MONITOR_COLOR_HI' (Context: '%{F${env:MONITOR_COLOR_HI'))
polybar|error: Parser error (reason: Invalid color: '${env:MONITOR_COLOR_HI' (Context: '%{F${env:MONITOR_COLOR_HI'))
polybar|error: Parser error (reason: Invalid color: '${env:MONITOR_COLOR_HI' (Context: '%{F${env:MONITOR_COLOR_HI'))
polybar|error: Parser error (reason: Invalid color: '${env:MONITOR_COLOR_ACC' (Context: '%{F${env:MONITOR_COLOR_ACC'))
polybar|warn:  Dropping unmatched character '' (U+e0b3) in '}} 2025-08-01  09:47:00 '
polybar|error: Parser error (reason: Invalid color: '${env:MONITOR_COLOR_ACC' (Context: '%{F${env:MONITOR_COLOR_ACC'))
polybar|error: Parser error (reason: Invalid color: '${env:MONITOR_COLOR_ACC' (Context: '%{F${env:MONITOR_COLOR_ACC'))
polybar|warn:  Dropping unmatched character '' (U+e0b3) in '}} 2025-08-01  09:47:00 '
polybar|warn:  Dropping unmatched character '' (U+e0b3) in '}} 2025-08-01  09:47:00 '
polybar|error: Parser error (reason: Invalid color: '${env:MONITOR_COLOR_ACC' (Context: '%{F${env:MONITOR_COLOR_ACC'))
polybar|warn:  Dropping unmatched character '' (U+f444) in '}} <usage> '
polybar|error: Parser error (reason: Invalid color: '${env:MONITOR_COLOR_ACC' (Context: '%{F${env:MONITOR_COLOR_ACC'))
polybar|warn:  Dropping unmatched character '' (U+f538) in '}} <used_mem> '
polybar|warn:  Dropping unmatched character '' (U+e266) in '}} <used_mem> '
polybar|error: Parser error (reason: Invalid color: '${env:MONITOR_COLOR_ACC' (Context: '%{F${env:MONITOR_COLOR_ACC'))
polybar|error: Parser error (reason: Invalid color: '${env:MONITOR_COLOR_ACC' (Context: '%{F${env:MONITOR_COLOR_ACC'))
polybar|warn:  Dropping unmatched character '' (U+f444) in '}} <usage> '
polybar|warn:  Dropping unmatched character '' (U+f444) in '}} <usage> '
polybar|error: Parser error (reason: Invalid color: '${env:MONITOR_COLOR_ACC' (Context: '%{F${env:MONITOR_COLOR_ACC'))
polybar|warn:  Dropping unmatched character '' (U+f538) in '}} <used_mem> '
polybar|error: Parser error (reason: Invalid color: '${env:MONITOR_COLOR_ACC' (Context: '%{F${env:MONITOR_COLOR_ACC'))
polybar|warn:  Dropping unmatched character '' (U+f538) in '}} <used_mem> '
polybar|warn:  Dropping unmatched character '' (U+e266) in '}} <used_mem> '
polybar|warn:  Dropping unmatched character '' (U+e266) in '}} <used_mem> '
polybar|error: Parser error (reason: Invalid color: '${env:MONITOR_COLOR_HI' (Context: '%{F${env:MONITOR_COLOR_HI'))
polybar|error: Parser error (reason: Invalid color: '${env:MONITOR_COLOR_HI' (Context: '%{F${env:MONITOR_COLOR_HI'))
polybar|error: Parser error (reason: Invalid color: '${env:MONITOR_COLOR_HI' (Context: '%{F${env:MONITOR_COLOR_HI'))
polybar|error: Parser error (reason: Invalid color: '${env:MONITOR_COLOR_ACC' (Context: '%{F${env:MONITOR_COLOR_ACC'))
polybar|error: Parser error (reason: Invalid color: '${env:MONITOR_COLOR_ACC' (Context: '%{F${env:MONITOR_COLOR_ACC'))
polybar|error: Parser error (reason: Invalid color: '${env:MONITOR_COLOR_ACC' (Context: '%{F${env:MONITOR_COLOR_ACC'))
polybar|warn:  Dropping unmatched character '' (U+e0b3) in '}} 2025-08-01  09:47:05 '
polybar|warn:  Dropping unmatched character '' (U+e0b3) in '}} 2025-08-01  09:47:05 '
polybar|error: Parser error (reason: Invalid color: '${env:MONITOR_COLOR_ACC' (Context: '%{F${env:MONITOR_COLOR_ACC'))
polybar|warn:  Dropping unmatched character '' (U+e0b3) in '}} 2025-08-01  09:47:05 '
polybar|warn:  Dropping unmatched character '' (U+f444) in '}} <usage> '
polybar|error: Parser error (reason: Invalid color: '${env:MONITOR_COLOR_ACC' (Context: '%{F${env:MONITOR_COLOR_ACC'))
polybar|error: Parser error (reason: Invalid color: '${env:MONITOR_COLOR_ACC' (Context: '%{F${env:MONITOR_COLOR_ACC'))
polybar|warn:  Dropping unmatched character '' (U+f538) in '}} <used_mem> '
polybar|error: Parser error (reason: Invalid color: '${env:MONITOR_COLOR_ACC' (Context: '%{F${env:MONITOR_COLOR_ACC'))
polybar|warn:  Dropping unmatched character '' (U+f444) in '}} <usage> '
polybar|warn:  Dropping unmatched character '' (U+e266) in '}} <used_mem> '
polybar|error: Parser error (reason: Invalid color: '${env:MONITOR_COLOR_ACC' (Context: '%{F${env:MONITOR_COLOR_ACC'))
polybar|warn:  Dropping unmatched character '' (U+f538) in '}} <used_mem> '
polybar|warn:  Dropping unmatched character '' (U+f444) in '}} <usage> '
polybar|warn:  Dropping unmatched character '' (U+e266) in '}} <used_mem> '
polybar|error: Parser error (reason: Invalid color: '${env:MONITOR_COLOR_ACC' (Context: '%{F${env:MONITOR_COLOR_ACC'))
polybar|warn:  Dropping unmatched character '' (U+f538) in '}} <used_mem> '
polybar|warn:  Dropping unmatched character '' (U+e266) in '}} <used_mem> '
polybar|error: Parser error (reason: Invalid color: '${env:MONITOR_COLOR_HI' (Context: '%{F${env:MONITOR_COLOR_HI'))
polybar|error: Parser error (reason: Invalid color: '${env:MONITOR_COLOR_HI' (Context: '%{F${env:MONITOR_COLOR_HI'))
polybar|error: Parser error (reason: Invalid color: '${env:MONITOR_COLOR_ACC' (Context: '%{F${env:MONITOR_COLOR_ACC'))
polybar|error: Parser error (reason: Invalid color: '${env:MONITOR_COLOR_ACC' (Context: '%{F${env:MONITOR_COLOR_ACC'))
polybar|warn:  Dropping unmatched character '' (U+e0b3) in '}} 2025-08-01  09:47:10 '
polybar|warn:  Dropping unmatched character '' (U+e0b3) in '}} 2025-08-01  09:47:10 '
polybar|error: Parser error (reason: Invalid color: '${env:MONITOR_COLOR_HI' (Context: '%{F${env:MONITOR_COLOR_HI'))
polybar|error: Parser error (reason: Invalid color: '${env:MONITOR_COLOR_ACC' (Context: '%{F${env:MONITOR_COLOR_ACC'))
polybar|warn:  Dropping unmatched character '' (U+f444) in '}} <usage> '
polybar|error: Parser error (reason: Invalid color: '${env:MONITOR_COLOR_ACC' (Context: '%{F${env:MONITOR_COLOR_ACC'))
polybar|warn:  Dropping unmatched character '' (U+f444) in '}} <usage> '
polybar|error: Parser error (reason: Invalid color: '${env:MONITOR_COLOR_ACC' (Context: '%{F${env:MONITOR_COLOR_ACC'))
polybar|warn:  Dropping unmatched character '' (U+f538) in '}} <used_mem> '
polybar|error: Parser error (reason: Invalid color: '${env:MONITOR_COLOR_ACC' (Context: '%{F${env:MONITOR_COLOR_ACC'))
polybar|warn:  Dropping unmatched character '' (U+f538) in '}} <used_mem> '
polybar|error: Parser error (reason: Invalid color: '${env:MONITOR_COLOR_ACC' (Context: '%{F${env:MONITOR_COLOR_ACC'))
polybar|warn:  Dropping unmatched character '' (U+e266) in '}} <used_mem> '
polybar|warn:  Dropping unmatched character '' (U+e266) in '}} <used_mem> '
polybar|warn:  Dropping unmatched character '' (U+e0b3) in '}} 2025-08-01  09:47:10 '
polybar|error: Parser error (reason: Invalid color: '${env:MONITOR_COLOR_ACC' (Context: '%{F${env:MONITOR_COLOR_ACC'))
polybar|warn:  Dropping unmatched character '' (U+f444) in '}} <usage> '
polybar|error: Parser error (reason: Invalid color: '${env:MONITOR_COLOR_ACC' (Context: '%{F${env:MONITOR_COLOR_ACC'))
polybar|warn:  Dropping unmatched character '' (U+f538) in '}} <used_mem> '
polybar|warn:  Dropping unmatched character '' (U+e266) in '}} <used_mem> '
polybar|error: Parser error (reason: Invalid color: '${env:MONITOR_COLOR_HI' (Context: '%{F${env:MONITOR_COLOR_HI'))
polybar|error: Parser error (reason: Invalid color: '${env:MONITOR_COLOR_ACC' (Context: '%{F${env:MONITOR_COLOR_ACC'))
polybar|error: Parser error (reason: Invalid color: '${env:MONITOR_COLOR_HI' (Context: '%{F${env:MONITOR_COLOR_HI'))
polybar|warn:  Dropping unmatched character '' (U+e0b3) in '}} 2025-08-01  09:47:10 '
polybar|error: Parser error (reason: Invalid color: '${env:MONITOR_COLOR_ACC' (Context: '%{F${env:MONITOR_COLOR_ACC'))
polybar|error: Parser error (reason: Invalid color: '${env:MONITOR_COLOR_ACC' (Context: '%{F${env:MONITOR_COLOR_ACC'))
polybar|error: Parser error (reason: Invalid color: '${env:MONITOR_COLOR_HI' (Context: '%{F${env:MONITOR_COLOR_HI'))
polybar|warn:  Dropping unmatched character '' (U+f444) in '}} <usage> '
polybar|warn:  Dropping unmatched character '' (U+e0b3) in '}} 2025-08-01  09:47:10 '
polybar|error: Parser error (reason: Invalid color: '${env:MONITOR_COLOR_ACC' (Context: '%{F${env:MONITOR_COLOR_ACC'))
polybar|warn:  Dropping unmatched character '' (U+f538) in '}} <used_mem> '
polybar|error: Parser error (reason: Invalid color: '${env:MONITOR_COLOR_ACC' (Context: '%{F${env:MONITOR_COLOR_ACC'))
polybar|warn:  Dropping unmatched character '' (U+e266) in '}} <used_mem> '
polybar|error: Parser error (reason: Invalid color: '${env:MONITOR_COLOR_ACC' (Context: '%{F${env:MONITOR_COLOR_ACC'))
polybar|warn:  Dropping unmatched character '' (U+f444) in '}} <usage> '
polybar|error: Parser error (reason: Invalid color: '${env:MONITOR_COLOR_ACC' (Context: '%{F${env:MONITOR_COLOR_ACC'))
polybar|warn:  Dropping unmatched character '' (U+f538) in '}} <used_mem> '
polybar|warn:  Dropping unmatched character '' (U+e0b3) in '}} 2025-08-01  09:47:10 '
polybar|warn:  Dropping unmatched character '' (U+e266) in '}} <used_mem> '
polybar|error: Parser error (reason: Invalid color: '${env:MONITOR_COLOR_ACC' (Context: '%{F${env:MONITOR_COLOR_ACC'))
polybar|warn:  Dropping unmatched character '' (U+f444) in '}} <usage> '
polybar|error: Parser error (reason: Invalid color: '${env:MONITOR_COLOR_ACC' (Context: '%{F${env:MONITOR_COLOR_ACC'))
polybar|warn:  Dropping unmatched character '' (U+f538) in '}} <used_mem> '
polybar|warn:  Dropping unmatched character '' (U+e266) in '}} <used_mem> '
polybar|error: Parser error (reason: Invalid color: '${env:MONITOR_COLOR_HI' (Context: '%{F${env:MONITOR_COLOR_HI'))
polybar|error: Parser error (reason: Invalid color: '${env:MONITOR_COLOR_HI' (Context: '%{F${env:MONITOR_COLOR_HI'))
polybar|error: Parser error (reason: Invalid color: '${env:MONITOR_COLOR_HI' (Context: '%{F${env:MONITOR_COLOR_HI'))
polybar|error: Parser error (reason: Invalid color: '${env:MONITOR_COLOR_ACC' (Context: '%{F${env:MONITOR_COLOR_ACC'))
polybar|error: Parser error (reason: Invalid color: '${env:MONITOR_COLOR_ACC' (Context: '%{F${env:MONITOR_COLOR_ACC'))
polybar|error: Parser error (reason: Invalid color: '${env:MONITOR_COLOR_ACC' (Context: '%{F${env:MONITOR_COLOR_ACC'))
polybar|warn:  Dropping unmatched character '' (U+e0b3) in '}} 2025-08-01  09:47:15 '
polybar|warn:  Dropping unmatched character '' (U+e0b3) in '}} 2025-08-01  09:47:15 '
polybar|warn:  Dropping unmatched character '' (U+e0b3) in '}} 2025-08-01  09:47:15 '
polybar|error: Parser error (reason: Invalid color: '${env:MONITOR_COLOR_ACC' (Context: '%{F${env:MONITOR_COLOR_ACC'))
polybar|error: Parser error (reason: Invalid color: '${env:MONITOR_COLOR_ACC' (Context: '%{F${env:MONITOR_COLOR_ACC'))
polybar|warn:  Dropping unmatched character '' (U+f444) in '}} <usage> '
polybar|warn:  Dropping unmatched character '' (U+f444) in '}} <usage> '
polybar|error: Parser error (reason: Invalid color: '${env:MONITOR_COLOR_ACC' (Context: '%{F${env:MONITOR_COLOR_ACC'))
polybar|error: Parser error (reason: Invalid color: '${env:MONITOR_COLOR_ACC' (Context: '%{F${env:MONITOR_COLOR_ACC'))
polybar|warn:  Dropping unmatched character '' (U+f538) in '}} <used_mem> '
polybar|error: Parser error (reason: Invalid color: '${env:MONITOR_COLOR_ACC' (Context: '%{F${env:MONITOR_COLOR_ACC'))
polybar|warn:  Dropping unmatched character '' (U+e266) in '}} <used_mem> '
polybar|warn:  Dropping unmatched character '' (U+f538) in '}} <used_mem> '
polybar|warn:  Dropping unmatched character '' (U+f444) in '}} <usage> '
polybar|warn:  Dropping unmatched character '' (U+e266) in '}} <used_mem> '
polybar|error: Parser error (reason: Invalid color: '${env:MONITOR_COLOR_ACC' (Context: '%{F${env:MONITOR_COLOR_ACC'))
polybar|warn:  Dropping unmatched character '' (U+f538) in '}} <used_mem> '
polybar|warn:  Dropping unmatched character '' (U+e266) in '}} <used_mem> '
polybar|error: Parser error (reason: Invalid color: '${env:MONITOR_COLOR_HI' (Context: '%{F${env:MONITOR_COLOR_HI'))
polybar|error: Parser error (reason: Invalid color: '${env:MONITOR_COLOR_HI' (Context: '%{F${env:MONITOR_COLOR_HI'))
polybar|error: Parser error (reason: Invalid color: '${env:MONITOR_COLOR_ACC' (Context: '%{F${env:MONITOR_COLOR_ACC'))
polybar|error: Parser error (reason: Invalid color: '${env:MONITOR_COLOR_ACC' (Context: '%{F${env:MONITOR_COLOR_ACC'))
polybar|warn:  Dropping unmatched character '' (U+e0b3) in '}} 2025-08-01  09:47:15 '
polybar|warn:  Dropping unmatched character '' (U+e0b3) in '}} 2025-08-01  09:47:15 '
polybar|error: Parser error (reason: Invalid color: '${env:MONITOR_COLOR_ACC' (Context: '%{F${env:MONITOR_COLOR_ACC'))
polybar|error: Parser error (reason: Invalid color: '${env:MONITOR_COLOR_ACC' (Context: '%{F${env:MONITOR_COLOR_ACC'))
polybar|warn:  Dropping unmatched character '' (U+f444) in '}} <usage> '
polybar|warn:  Dropping unmatched character '' (U+f444) in '}} <usage> '
polybar|error: Parser error (reason: Invalid color: '${env:MONITOR_COLOR_ACC' (Context: '%{F${env:MONITOR_COLOR_ACC'))
polybar|warn:  Dropping unmatched character '' (U+f538) in '}} <used_mem> '
polybar|error: Parser error (reason: Invalid color: '${env:MONITOR_COLOR_ACC' (Context: '%{F${env:MONITOR_COLOR_ACC'))
polybar|warn:  Dropping unmatched character '' (U+f538) in '}} <used_mem> '
polybar|warn:  Dropping unmatched character '' (U+e266) in '}} <used_mem> '
polybar|warn:  Dropping unmatched character '' (U+e266) in '}} <used_mem> '
polybar|error: Parser error (reason: Invalid color: '${env:MONITOR_COLOR_HI' (Context: '%{F${env:MONITOR_COLOR_HI'))
polybar|error: Parser error (reason: Invalid color: '${env:MONITOR_COLOR_ACC' (Context: '%{F${env:MONITOR_COLOR_ACC'))
polybar|warn:  Dropping unmatched character '' (U+e0b3) in '}} 2025-08-01  09:47:15 '
polybar|error: Parser error (reason: Invalid color: '${env:MONITOR_COLOR_ACC' (Context: '%{F${env:MONITOR_COLOR_ACC'))
polybar|warn:  Dropping unmatched character '' (U+f444) in '}} <usage> '
polybar|error: Parser error (reason: Invalid color: '${env:MONITOR_COLOR_ACC' (Context: '%{F${env:MONITOR_COLOR_ACC'))
polybar|warn:  Dropping unmatched character '' (U+f538) in '}} <used_mem> '
polybar|warn:  Dropping unmatched character '' (U+e266) in '}} <used_mem> '
polybar|error: Parser error (reason: Invalid color: '${env:MONITOR_COLOR_HI' (Context: '%{F${env:MONITOR_COLOR_HI'))
polybar|error: Parser error (reason: Invalid color: '${env:MONITOR_COLOR_HI' (Context: '%{F${env:MONITOR_COLOR_HI'))
polybar|error: Parser error (reason: Invalid color: '${env:MONITOR_COLOR_HI' (Context: '%{F${env:MONITOR_COLOR_HI'))
polybar|error: Parser error (reason: Invalid color: '${env:MONITOR_COLOR_ACC' (Context: '%{F${env:MONITOR_COLOR_ACC'))
polybar|error: Parser error (reason: Invalid color: '${env:MONITOR_COLOR_ACC' (Context: '%{F${env:MONITOR_COLOR_ACC'))
polybar|error: Parser error (reason: Invalid color: '${env:MONITOR_COLOR_ACC' (Context: '%{F${env:MONITOR_COLOR_ACC'))
polybar|warn:  Dropping unmatched character '' (U+e0b3) in '}} 2025-08-01  09:47:20 '
polybar|warn:  Dropping unmatched character '' (U+e0b3) in '}} 2025-08-01  09:47:20 '
polybar|warn:  Dropping unmatched character '' (U+e0b3) in '}} 2025-08-01  09:47:20 '
polybar|error: Parser error (reason: Invalid color: '${env:MONITOR_COLOR_ACC' (Context: '%{F${env:MONITOR_COLOR_ACC'))
polybar|warn:  Dropping unmatched character '' (U+f444) in '}} <usage> '
polybar|error: Parser error (reason: Invalid color: '${env:MONITOR_COLOR_ACC' (Context: '%{F${env:MONITOR_COLOR_ACC'))
polybar|error: Parser error (reason: Invalid color: '${env:MONITOR_COLOR_ACC' (Context: '%{F${env:MONITOR_COLOR_ACC'))
polybar|error: Parser error (reason: Invalid color: '${env:MONITOR_COLOR_ACC' (Context: '%{F${env:MONITOR_COLOR_ACC'))
polybar|warn:  Dropping unmatched character '' (U+f444) in '}} <usage> '
polybar|warn:  Dropping unmatched character '' (U+f538) in '}} <used_mem> '
polybar|warn:  Dropping unmatched character '' (U+f444) in '}} <usage> '
polybar|warn:  Dropping unmatched character '' (U+e266) in '}} <used_mem> '
polybar|error: Parser error (reason: Invalid color: '${env:MONITOR_COLOR_ACC' (Context: '%{F${env:MONITOR_COLOR_ACC'))
polybar|error: Parser error (reason: Invalid color: '${env:MONITOR_COLOR_ACC' (Context: '%{F${env:MONITOR_COLOR_ACC'))
polybar|warn:  Dropping unmatched character '' (U+f538) in '}} <used_mem> '
polybar|warn:  Dropping unmatched character '' (U+f538) in '}} <used_mem> '
polybar|warn:  Dropping unmatched character '' (U+e266) in '}} <used_mem> '
polybar|warn:  Dropping unmatched character '' (U+e266) in '}} <used_mem> '
polybar|error: Parser error (reason: Invalid color: '${env:MONITOR_COLOR_HI' (Context: '%{F${env:MONITOR_COLOR_HI'))
polybar|error: Parser error (reason: Invalid color: '${env:MONITOR_COLOR_HI' (Context: '%{F${env:MONITOR_COLOR_HI'))
polybar|error: Parser error (reason: Invalid color: '${env:MONITOR_COLOR_HI' (Context: '%{F${env:MONITOR_COLOR_HI'))
polybar|error: Parser error (reason: Invalid color: '${env:MONITOR_COLOR_ACC' (Context: '%{F${env:MONITOR_COLOR_ACC'))
polybar|warn:  Dropping unmatched character '' (U+e0b3) in '}} 2025-08-01  09:47:25 '
polybar|error: Parser error (reason: Invalid color: '${env:MONITOR_COLOR_ACC' (Context: '%{F${env:MONITOR_COLOR_ACC'))
polybar|warn:  Dropping unmatched character '' (U+f444) in '}} <usage> '
polybar|error: Parser error (reason: Invalid color: '${env:MONITOR_COLOR_ACC' (Context: '%{F${env:MONITOR_COLOR_ACC'))
polybar|error: Parser error (reason: Invalid color: '${env:MONITOR_COLOR_ACC' (Context: '%{F${env:MONITOR_COLOR_ACC'))
polybar|error: Parser error (reason: Invalid color: '${env:MONITOR_COLOR_ACC' (Context: '%{F${env:MONITOR_COLOR_ACC'))
polybar|warn:  Dropping unmatched character '' (U+f538) in '}} <used_mem> '
polybar|warn:  Dropping unmatched character '' (U+e266) in '}} <used_mem> '
polybar|warn:  Dropping unmatched character '' (U+e0b3) in '}} 2025-08-01  09:47:25 '
polybar|warn:  Dropping unmatched character '' (U+e0b3) in '}} 2025-08-01  09:47:25 '
polybar|error: Parser error (reason: Invalid color: '${env:MONITOR_COLOR_ACC' (Context: '%{F${env:MONITOR_COLOR_ACC'))
polybar|error: Parser error (reason: Invalid color: '${env:MONITOR_COLOR_ACC' (Context: '%{F${env:MONITOR_COLOR_ACC'))
polybar|warn:  Dropping unmatched character '' (U+f444) in '}} <usage> '
polybar|warn:  Dropping unmatched character '' (U+f444) in '}} <usage> '
polybar|error: Parser error (reason: Invalid color: '${env:MONITOR_COLOR_ACC' (Context: '%{F${env:MONITOR_COLOR_ACC'))
polybar|error: Parser error (reason: Invalid color: '${env:MONITOR_COLOR_ACC' (Context: '%{F${env:MONITOR_COLOR_ACC'))
polybar|warn:  Dropping unmatched character '' (U+f538) in '}} <used_mem> '
polybar|warn:  Dropping unmatched character '' (U+f538) in '}} <used_mem> '
polybar|warn:  Dropping unmatched character '' (U+e266) in '}} <used_mem> '
polybar|warn:  Dropping unmatched character '' (U+e266) in '}} <used_mem> '
polybar|error: Parser error (reason: Invalid color: '${env:MONITOR_COLOR_HI' (Context: '%{F${env:MONITOR_COLOR_HI'))
polybar|error: Parser error (reason: Invalid color: '${env:MONITOR_COLOR_HI' (Context: '%{F${env:MONITOR_COLOR_HI'))
polybar|error: Parser error (reason: Invalid color: '${env:MONITOR_COLOR_HI' (Context: '%{F${env:MONITOR_COLOR_HI'))
polybar|error: Parser error (reason: Invalid color: '${env:MONITOR_COLOR_ACC' (Context: '%{F${env:MONITOR_COLOR_ACC'))
polybar|error: Parser error (reason: Invalid color: '${env:MONITOR_COLOR_ACC' (Context: '%{F${env:MONITOR_COLOR_ACC'))
polybar|error: Parser error (reason: Invalid color: '${env:MONITOR_COLOR_ACC' (Context: '%{F${env:MONITOR_COLOR_ACC'))
polybar|warn:  Dropping unmatched character '' (U+e0b3) in '}} 2025-08-01  09:47:30 '
polybar|warn:  Dropping unmatched character '' (U+e0b3) in '}} 2025-08-01  09:47:30 '
polybar|warn:  Dropping unmatched character '' (U+e0b3) in '}} 2025-08-01  09:47:30 '
polybar|error: Parser error (reason: Invalid color: '${env:MONITOR_COLOR_ACC' (Context: '%{F${env:MONITOR_COLOR_ACC'))
polybar|error: Parser error (reason: Invalid color: '${env:MONITOR_COLOR_ACC' (Context: '%{F${env:MONITOR_COLOR_ACC'))
polybar|error: Parser error (reason: Invalid color: '${env:MONITOR_COLOR_ACC' (Context: '%{F${env:MONITOR_COLOR_ACC'))
polybar|warn:  Dropping unmatched character '' (U+f444) in '}} <usage> '
polybar|warn:  Dropping unmatched character '' (U+f444) in '}} <usage> '
polybar|error: Parser error (reason: Invalid color: '${env:MONITOR_COLOR_ACC' (Context: '%{F${env:MONITOR_COLOR_ACC'))
polybar|warn:  Dropping unmatched character '' (U+f444) in '}} <usage> '
polybar|warn:  Dropping unmatched character '' (U+f538) in '}} <used_mem> '
polybar|error: Parser error (reason: Invalid color: '${env:MONITOR_COLOR_ACC' (Context: '%{F${env:MONITOR_COLOR_ACC'))
polybar|error: Parser error (reason: Invalid color: '${env:MONITOR_COLOR_ACC' (Context: '%{F${env:MONITOR_COLOR_ACC'))
polybar|warn:  Dropping unmatched character '' (U+e266) in '}} <used_mem> '
polybar|warn:  Dropping unmatched character '' (U+f538) in '}} <used_mem> '
polybar|warn:  Dropping unmatched character '' (U+f538) in '}} <used_mem> '
polybar|warn:  Dropping unmatched character '' (U+e266) in '}} <used_mem> '
polybar|warn:  Dropping unmatched character '' (U+e266) in '}} <used_mem> '
polybar|error: Parser error (reason: Invalid color: '${env:MONITOR_COLOR_HI' (Context: '%{F${env:MONITOR_COLOR_HI'))
polybar|error: Parser error (reason: Invalid color: '${env:MONITOR_COLOR_HI' (Context: '%{F${env:MONITOR_COLOR_HI'))
polybar|error: Parser error (reason: Invalid color: '${env:MONITOR_COLOR_HI' (Context: '%{F${env:MONITOR_COLOR_HI'))
polybar|error: Parser error (reason: Invalid color: '${env:MONITOR_COLOR_ACC' (Context: '%{F${env:MONITOR_COLOR_ACC'))
polybar|error: Parser error (reason: Invalid color: '${env:MONITOR_COLOR_ACC' (Context: '%{F${env:MONITOR_COLOR_ACC'))
polybar|error: Parser error (reason: Invalid color: '${env:MONITOR_COLOR_ACC' (Context: '%{F${env:MONITOR_COLOR_ACC'))
polybar|warn:  Dropping unmatched character '' (U+e0b3) in '}} 2025-08-01  09:47:35 '
polybar|warn:  Dropping unmatched character '' (U+e0b3) in '}} 2025-08-01  09:47:35 '
polybar|warn:  Dropping unmatched character '' (U+e0b3) in '}} 2025-08-01  09:47:35 '
polybar|error: Parser error (reason: Invalid color: '${env:MONITOR_COLOR_ACC' (Context: '%{F${env:MONITOR_COLOR_ACC'))
polybar|error: Parser error (reason: Invalid color: '${env:MONITOR_COLOR_ACC' (Context: '%{F${env:MONITOR_COLOR_ACC'))
polybar|error: Parser error (reason: Invalid color: '${env:MONITOR_COLOR_ACC' (Context: '%{F${env:MONITOR_COLOR_ACC'))
polybar|warn:  Dropping unmatched character '' (U+f444) in '}} <usage> '
polybar|warn:  Dropping unmatched character '' (U+f444) in '}} <usage> '
polybar|error: Parser error (reason: Invalid color: '${env:MONITOR_COLOR_ACC' (Context: '%{F${env:MONITOR_COLOR_ACC'))
polybar|error: Parser error (reason: Invalid color: '${env:MONITOR_COLOR_ACC' (Context: '%{F${env:MONITOR_COLOR_ACC'))
polybar|warn:  Dropping unmatched character '' (U+f538) in '}} <used_mem> '
polybar|warn:  Dropping unmatched character '' (U+f444) in '}} <usage> '
polybar|warn:  Dropping unmatched character '' (U+f538) in '}} <used_mem> '
polybar|warn:  Dropping unmatched character '' (U+e266) in '}} <used_mem> '
polybar|error: Parser error (reason: Invalid color: '${env:MONITOR_COLOR_ACC' (Context: '%{F${env:MONITOR_COLOR_ACC'))
polybar|warn:  Dropping unmatched character '' (U+e266) in '}} <used_mem> '
polybar|warn:  Dropping unmatched character '' (U+f538) in '}} <used_mem> '
polybar|warn:  Dropping unmatched character '' (U+e266) in '}} <used_mem> '
polybar|error: Parser error (reason: Invalid color: '${env:MONITOR_COLOR_HI' (Context: '%{F${env:MONITOR_COLOR_HI'))
polybar|error: Parser error (reason: Invalid color: '${env:MONITOR_COLOR_HI' (Context: '%{F${env:MONITOR_COLOR_HI'))
polybar|error: Parser error (reason: Invalid color: '${env:MONITOR_COLOR_HI' (Context: '%{F${env:MONITOR_COLOR_HI'))
polybar|error: Parser error (reason: Invalid color: '${env:MONITOR_COLOR_ACC' (Context: '%{F${env:MONITOR_COLOR_ACC'))
polybar|error: Parser error (reason: Invalid color: '${env:MONITOR_COLOR_ACC' (Context: '%{F${env:MONITOR_COLOR_ACC'))
polybar|error: Parser error (reason: Invalid color: '${env:MONITOR_COLOR_ACC' (Context: '%{F${env:MONITOR_COLOR_ACC'))
polybar|warn:  Dropping unmatched character '' (U+e0b3) in '}} 2025-08-01  09:47:40 '
polybar|warn:  Dropping unmatched character '' (U+e0b3) in '}} 2025-08-01  09:47:40 '
polybar|warn:  Dropping unmatched character '' (U+e0b3) in '}} 2025-08-01  09:47:40 '
polybar|error: Parser error (reason: Invalid color: '${env:MONITOR_COLOR_ACC' (Context: '%{F${env:MONITOR_COLOR_ACC'))
polybar|error: Parser error (reason: Invalid color: '${env:MONITOR_COLOR_ACC' (Context: '%{F${env:MONITOR_COLOR_ACC'))
polybar|warn:  Dropping unmatched character '' (U+f444) in '}} <usage> '
polybar|error: Parser error (reason: Invalid color: '${env:MONITOR_COLOR_ACC' (Context: '%{F${env:MONITOR_COLOR_ACC'))
polybar|error: Parser error (reason: Invalid color: '${env:MONITOR_COLOR_ACC' (Context: '%{F${env:MONITOR_COLOR_ACC'))
polybar|warn:  Dropping unmatched character '' (U+f444) in '}} <usage> '
polybar|warn:  Dropping unmatched character '' (U+f444) in '}} <usage> '
polybar|warn:  Dropping unmatched character '' (U+f538) in '}} <used_mem> '
polybar|error: Parser error (reason: Invalid color: '${env:MONITOR_COLOR_ACC' (Context: '%{F${env:MONITOR_COLOR_ACC'))
polybar|warn:  Dropping unmatched character '' (U+e266) in '}} <used_mem> '
polybar|error: Parser error (reason: Invalid color: '${env:MONITOR_COLOR_ACC' (Context: '%{F${env:MONITOR_COLOR_ACC'))
polybar|warn:  Dropping unmatched character '' (U+f538) in '}} <used_mem> '
polybar|warn:  Dropping unmatched character '' (U+f538) in '}} <used_mem> '
polybar|warn:  Dropping unmatched character '' (U+e266) in '}} <used_mem> '
polybar|warn:  Dropping unmatched character '' (U+e266) in '}} <used_mem> '
polybar|error: Parser error (reason: Invalid color: '${env:MONITOR_COLOR_HI' (Context: '%{F${env:MONITOR_COLOR_HI'))
polybar|error: Parser error (reason: Invalid color: '${env:MONITOR_COLOR_HI' (Context: '%{F${env:MONITOR_COLOR_HI'))
polybar|error: Parser error (reason: Invalid color: '${env:MONITOR_COLOR_HI' (Context: '%{F${env:MONITOR_COLOR_HI'))
polybar|error: Parser error (reason: Invalid color: '${env:MONITOR_COLOR_ACC' (Context: '%{F${env:MONITOR_COLOR_ACC'))
polybar|error: Parser error (reason: Invalid color: '${env:MONITOR_COLOR_ACC' (Context: '%{F${env:MONITOR_COLOR_ACC'))
polybar|warn:  Dropping unmatched character '' (U+e0b3) in '}} 2025-08-01  09:47:45 '
polybar|error: Parser error (reason: Invalid color: '${env:MONITOR_COLOR_ACC' (Context: '%{F${env:MONITOR_COLOR_ACC'))
polybar|error: Parser error (reason: Invalid color: '${env:MONITOR_COLOR_ACC' (Context: '%{F${env:MONITOR_COLOR_ACC'))
polybar|warn:  Dropping unmatched character '' (U+e0b3) in '}} 2025-08-01  09:47:45 '
polybar|warn:  Dropping unmatched character '' (U+e0b3) in '}} 2025-08-01  09:47:45 '
polybar|warn:  Dropping unmatched character '' (U+f444) in '}} <usage> '
polybar|error: Parser error (reason: Invalid color: '${env:MONITOR_COLOR_ACC' (Context: '%{F${env:MONITOR_COLOR_ACC'))
polybar|error: Parser error (reason: Invalid color: '${env:MONITOR_COLOR_ACC' (Context: '%{F${env:MONITOR_COLOR_ACC'))
polybar|error: Parser error (reason: Invalid color: '${env:MONITOR_COLOR_ACC' (Context: '%{F${env:MONITOR_COLOR_ACC'))
polybar|warn:  Dropping unmatched character '' (U+f538) in '}} <used_mem> '
polybar|warn:  Dropping unmatched character '' (U+e266) in '}} <used_mem> '
polybar|warn:  Dropping unmatched character '' (U+f444) in '}} <usage> '
polybar|warn:  Dropping unmatched character '' (U+f444) in '}} <usage> '
polybar|error: Parser error (reason: Invalid color: '${env:MONITOR_COLOR_ACC' (Context: '%{F${env:MONITOR_COLOR_ACC'))
polybar|error: Parser error (reason: Invalid color: '${env:MONITOR_COLOR_ACC' (Context: '%{F${env:MONITOR_COLOR_ACC'))
polybar|warn:  Dropping unmatched character '' (U+f538) in '}} <used_mem> '
polybar|warn:  Dropping unmatched character '' (U+f538) in '}} <used_mem> '
polybar|warn:  Dropping unmatched character '' (U+e266) in '}} <used_mem> '
polybar|warn:  Dropping unmatched character '' (U+e266) in '}} <used_mem> '
polybar|error: Parser error (reason: Invalid color: '${env:MONITOR_COLOR_HI' (Context: '%{F${env:MONITOR_COLOR_HI'))
polybar|error: Parser error (reason: Invalid color: '${env:MONITOR_COLOR_HI' (Context: '%{F${env:MONITOR_COLOR_HI'))
polybar|error: Parser error (reason: Invalid color: '${env:MONITOR_COLOR_HI' (Context: '%{F${env:MONITOR_COLOR_HI'))
polybar|error: Parser error (reason: Invalid color: '${env:MONITOR_COLOR_ACC' (Context: '%{F${env:MONITOR_COLOR_ACC'))
polybar|error: Parser error (reason: Invalid color: '${env:MONITOR_COLOR_ACC' (Context: '%{F${env:MONITOR_COLOR_ACC'))
polybar|error: Parser error (reason: Invalid color: '${env:MONITOR_COLOR_ACC' (Context: '%{F${env:MONITOR_COLOR_ACC'))
polybar|warn:  Dropping unmatched character '' (U+e0b3) in '}} 2025-08-01  09:47:50 '
polybar|warn:  Dropping unmatched character '' (U+e0b3) in '}} 2025-08-01  09:47:50 '
polybar|warn:  Dropping unmatched character '' (U+e0b3) in '}} 2025-08-01  09:47:50 '
polybar|error: Parser error (reason: Invalid color: '${env:MONITOR_COLOR_ACC' (Context: '%{F${env:MONITOR_COLOR_ACC'))
polybar|error: Parser error (reason: Invalid color: '${env:MONITOR_COLOR_ACC' (Context: '%{F${env:MONITOR_COLOR_ACC'))
polybar|error: Parser error (reason: Invalid color: '${env:MONITOR_COLOR_ACC' (Context: '%{F${env:MONITOR_COLOR_ACC'))
polybar|warn:  Dropping unmatched character '' (U+f444) in '}} <usage> '
polybar|warn:  Dropping unmatched character '' (U+f444) in '}} <usage> '
polybar|warn:  Dropping unmatched character '' (U+f444) in '}} <usage> '
polybar|error: Parser error (reason: Invalid color: '${env:MONITOR_COLOR_ACC' (Context: '%{F${env:MONITOR_COLOR_ACC'))
polybar|warn:  Dropping unmatched character '' (U+f538) in '}} <used_mem> '
polybar|error: Parser error (reason: Invalid color: '${env:MONITOR_COLOR_ACC' (Context: '%{F${env:MONITOR_COLOR_ACC'))
polybar|error: Parser error (reason: Invalid color: '${env:MONITOR_COLOR_ACC' (Context: '%{F${env:MONITOR_COLOR_ACC'))
polybar|warn:  Dropping unmatched character '' (U+e266) in '}} <used_mem> '
polybar|warn:  Dropping unmatched character '' (U+f538) in '}} <used_mem> '
polybar|warn:  Dropping unmatched character '' (U+f538) in '}} <used_mem> '
polybar|warn:  Dropping unmatched character '' (U+e266) in '}} <used_mem> '
polybar|warn:  Dropping unmatched character '' (U+e266) in '}} <used_mem> '
polybar|error: Parser error (reason: Invalid color: '${env:MONITOR_COLOR_HI' (Context: '%{F${env:MONITOR_COLOR_HI'))
polybar|error: Parser error (reason: Invalid color: '${env:MONITOR_COLOR_HI' (Context: '%{F${env:MONITOR_COLOR_HI'))
polybar|error: Parser error (reason: Invalid color: '${env:MONITOR_COLOR_HI' (Context: '%{F${env:MONITOR_COLOR_HI'))
polybar|error: Parser error (reason: Invalid color: '${env:MONITOR_COLOR_ACC' (Context: '%{F${env:MONITOR_COLOR_ACC'))
polybar|error: Parser error (reason: Invalid color: '${env:MONITOR_COLOR_ACC' (Context: '%{F${env:MONITOR_COLOR_ACC'))
polybar|warn:  Dropping unmatched character '' (U+e0b3) in '}} 2025-08-01  09:47:55 '
polybar|warn:  Dropping unmatched character '' (U+e0b3) in '}} 2025-08-01  09:47:55 '
polybar|error: Parser error (reason: Invalid color: '${env:MONITOR_COLOR_ACC' (Context: '%{F${env:MONITOR_COLOR_ACC'))
polybar|error: Parser error (reason: Invalid color: '${env:MONITOR_COLOR_ACC' (Context: '%{F${env:MONITOR_COLOR_ACC'))
polybar|error: Parser error (reason: Invalid color: '${env:MONITOR_COLOR_ACC' (Context: '%{F${env:MONITOR_COLOR_ACC'))
polybar|warn:  Dropping unmatched character '' (U+f444) in '}} <usage> '
polybar|warn:  Dropping unmatched character '' (U+f444) in '}} <usage> '
polybar|error: Parser error (reason: Invalid color: '${env:MONITOR_COLOR_ACC' (Context: '%{F${env:MONITOR_COLOR_ACC'))
polybar|warn:  Dropping unmatched character '' (U+e0b3) in '}} 2025-08-01  09:47:55 '
polybar|warn:  Dropping unmatched character '' (U+f538) in '}} <used_mem> '
polybar|error: Parser error (reason: Invalid color: '${env:MONITOR_COLOR_ACC' (Context: '%{F${env:MONITOR_COLOR_ACC'))
polybar|warn:  Dropping unmatched character '' (U+e266) in '}} <used_mem> '
polybar|warn:  Dropping unmatched character '' (U+f538) in '}} <used_mem> '
polybar|warn:  Dropping unmatched character '' (U+e266) in '}} <used_mem> '
polybar|error: Parser error (reason: Invalid color: '${env:MONITOR_COLOR_ACC' (Context: '%{F${env:MONITOR_COLOR_ACC'))
polybar|warn:  Dropping unmatched character '' (U+f444) in '}} <usage> '
polybar|error: Parser error (reason: Invalid color: '${env:MONITOR_COLOR_ACC' (Context: '%{F${env:MONITOR_COLOR_ACC'))
polybar|warn:  Dropping unmatched character '' (U+f538) in '}} <used_mem> '
polybar|warn:  Dropping unmatched character '' (U+e266) in '}} <used_mem> '
polybar|error: Parser error (reason: Invalid color: '${env:MONITOR_COLOR_HI' (Context: '%{F${env:MONITOR_COLOR_HI'))
polybar|error: Parser error (reason: Invalid color: '${env:MONITOR_COLOR_HI' (Context: '%{F${env:MONITOR_COLOR_HI'))
polybar|error: Parser error (reason: Invalid color: '${env:MONITOR_COLOR_HI' (Context: '%{F${env:MONITOR_COLOR_HI'))
polybar|error: Parser error (reason: Invalid color: '${env:MONITOR_COLOR_ACC' (Context: '%{F${env:MONITOR_COLOR_ACC'))
polybar|error: Parser error (reason: Invalid color: '${env:MONITOR_COLOR_ACC' (Context: '%{F${env:MONITOR_COLOR_ACC'))
polybar|error: Parser error (reason: Invalid color: '${env:MONITOR_COLOR_ACC' (Context: '%{F${env:MONITOR_COLOR_ACC'))
polybar|warn:  Dropping unmatched character '' (U+e0b3) in '}} 2025-08-01  09:48:00 '
polybar|error: Parser error (reason: Invalid color: '${env:MONITOR_COLOR_ACC' (Context: '%{F${env:MONITOR_COLOR_ACC'))
polybar|warn:  Dropping unmatched character '' (U+e0b3) in '}} 2025-08-01  09:48:00 '
polybar|warn:  Dropping unmatched character '' (U+e0b3) in '}} 2025-08-01  09:48:00 '
polybar|warn:  Dropping unmatched character '' (U+f444) in '}} <usage> '
polybar|error: Parser error (reason: Invalid color: '${env:MONITOR_COLOR_ACC' (Context: '%{F${env:MONITOR_COLOR_ACC'))
polybar|error: Parser error (reason: Invalid color: '${env:MONITOR_COLOR_ACC' (Context: '%{F${env:MONITOR_COLOR_ACC'))
polybar|error: Parser error (reason: Invalid color: '${env:MONITOR_COLOR_ACC' (Context: '%{F${env:MONITOR_COLOR_ACC'))
polybar|warn:  Dropping unmatched character '' (U+f538) in '}} <used_mem> '
polybar|warn:  Dropping unmatched character '' (U+f444) in '}} <usage> '
polybar|warn:  Dropping unmatched character '' (U+e266) in '}} <used_mem> '
polybar|warn:  Dropping unmatched character '' (U+f444) in '}} <usage> '
polybar|error: Parser error (reason: Invalid color: '${env:MONITOR_COLOR_ACC' (Context: '%{F${env:MONITOR_COLOR_ACC'))
polybar|error: Parser error (reason: Invalid color: '${env:MONITOR_COLOR_ACC' (Context: '%{F${env:MONITOR_COLOR_ACC'))
polybar|warn:  Dropping unmatched character '' (U+f538) in '}} <used_mem> '
polybar|warn:  Dropping unmatched character '' (U+f538) in '}} <used_mem> '
polybar|warn:  Dropping unmatched character '' (U+e266) in '}} <used_mem> '
polybar|warn:  Dropping unmatched character '' (U+e266) in '}} <used_mem> '
polybar|error: Parser error (reason: Invalid color: '${env:MONITOR_COLOR_HI' (Context: '%{F${env:MONITOR_COLOR_HI'))
polybar|error: Parser error (reason: Invalid color: '${env:MONITOR_COLOR_HI' (Context: '%{F${env:MONITOR_COLOR_HI'))
polybar|error: Parser error (reason: Invalid color: '${env:MONITOR_COLOR_ACC' (Context: '%{F${env:MONITOR_COLOR_ACC'))
polybar|error: Parser error (reason: Invalid color: '${env:MONITOR_COLOR_ACC' (Context: '%{F${env:MONITOR_COLOR_ACC'))
polybar|warn:  Dropping unmatched character '' (U+e0b3) in '}} 2025-08-01  09:48:05 '
polybar|error: Parser error (reason: Invalid color: '${env:MONITOR_COLOR_ACC' (Context: '%{F${env:MONITOR_COLOR_ACC'))
polybar|warn:  Dropping unmatched character '' (U+f444) in '}} <usage> '
polybar|error: Parser error (reason: Invalid color: '${env:MONITOR_COLOR_ACC' (Context: '%{F${env:MONITOR_COLOR_ACC'))
polybar|warn:  Dropping unmatched character '' (U+e0b3) in '}} 2025-08-01  09:48:05 '
polybar|warn:  Dropping unmatched character '' (U+f538) in '}} <used_mem> '
polybar|warn:  Dropping unmatched character '' (U+e266) in '}} <used_mem> '
polybar|error: Parser error (reason: Invalid color: '${env:MONITOR_COLOR_ACC' (Context: '%{F${env:MONITOR_COLOR_ACC'))
polybar|warn:  Dropping unmatched character '' (U+f444) in '}} <usage> '
polybar|error: Parser error (reason: Invalid color: '${env:MONITOR_COLOR_ACC' (Context: '%{F${env:MONITOR_COLOR_ACC'))
polybar|warn:  Dropping unmatched character '' (U+f538) in '}} <used_mem> '
polybar|error: Parser error (reason: Invalid color: '${env:MONITOR_COLOR_HI' (Context: '%{F${env:MONITOR_COLOR_HI'))
polybar|warn:  Dropping unmatched character '' (U+e266) in '}} <used_mem> '
polybar|error: Parser error (reason: Invalid color: '${env:MONITOR_COLOR_ACC' (Context: '%{F${env:MONITOR_COLOR_ACC'))
polybar|warn:  Dropping unmatched character '' (U+e0b3) in '}} 2025-08-01  09:48:05 '
polybar|error: Parser error (reason: Invalid color: '${env:MONITOR_COLOR_ACC' (Context: '%{F${env:MONITOR_COLOR_ACC'))
polybar|warn:  Dropping unmatched character '' (U+f444) in '}} <usage> '
polybar|error: Parser error (reason: Invalid color: '${env:MONITOR_COLOR_ACC' (Context: '%{F${env:MONITOR_COLOR_ACC'))
polybar|warn:  Dropping unmatched character '' (U+f538) in '}} <used_mem> '
polybar|warn:  Dropping unmatched character '' (U+e266) in '}} <used_mem> '
polybar|error: Parser error (reason: Invalid color: '${env:MONITOR_COLOR_HI' (Context: '%{F${env:MONITOR_COLOR_HI'))
polybar|error: Parser error (reason: Invalid color: '${env:MONITOR_COLOR_HI' (Context: '%{F${env:MONITOR_COLOR_HI'))
polybar|error: Parser error (reason: Invalid color: '${env:MONITOR_COLOR_HI' (Context: '%{F${env:MONITOR_COLOR_HI'))
polybar|error: Parser error (reason: Invalid color: '${env:MONITOR_COLOR_ACC' (Context: '%{F${env:MONITOR_COLOR_ACC'))
polybar|error: Parser error (reason: Invalid color: '${env:MONITOR_COLOR_ACC' (Context: '%{F${env:MONITOR_COLOR_ACC'))
polybar|warn:  Dropping unmatched character '' (U+e0b3) in '}} 2025-08-01  09:48:10 '
polybar|error: Parser error (reason: Invalid color: '${env:MONITOR_COLOR_ACC' (Context: '%{F${env:MONITOR_COLOR_ACC'))
polybar|warn:  Dropping unmatched character '' (U+e0b3) in '}} 2025-08-01  09:48:10 '
polybar|error: Parser error (reason: Invalid color: '${env:MONITOR_COLOR_ACC' (Context: '%{F${env:MONITOR_COLOR_ACC'))
polybar|warn:  Dropping unmatched character '' (U+e0b3) in '}} 2025-08-01  09:48:10 '
polybar|error: Parser error (reason: Invalid color: '${env:MONITOR_COLOR_ACC' (Context: '%{F${env:MONITOR_COLOR_ACC'))
polybar|warn:  Dropping unmatched character '' (U+f444) in '}} <usage> '
polybar|error: Parser error (reason: Invalid color: '${env:MONITOR_COLOR_ACC' (Context: '%{F${env:MONITOR_COLOR_ACC'))
polybar|warn:  Dropping unmatched character '' (U+f444) in '}} <usage> '
polybar|error: Parser error (reason: Invalid color: '${env:MONITOR_COLOR_ACC' (Context: '%{F${env:MONITOR_COLOR_ACC'))
polybar|warn:  Dropping unmatched character '' (U+f538) in '}} <used_mem> '
polybar|warn:  Dropping unmatched character '' (U+f444) in '}} <usage> '
polybar|error: Parser error (reason: Invalid color: '${env:MONITOR_COLOR_ACC' (Context: '%{F${env:MONITOR_COLOR_ACC'))
polybar|warn:  Dropping unmatched character '' (U+e266) in '}} <used_mem> '
polybar|warn:  Dropping unmatched character '' (U+f538) in '}} <used_mem> '
polybar|error: Parser error (reason: Invalid color: '${env:MONITOR_COLOR_ACC' (Context: '%{F${env:MONITOR_COLOR_ACC'))
polybar|warn:  Dropping unmatched character '' (U+e266) in '}} <used_mem> '
polybar|warn:  Dropping unmatched character '' (U+f538) in '}} <used_mem> '
polybar|warn:  Dropping unmatched character '' (U+e266) in '}} <used_mem> '
polybar|error: Parser error (reason: Invalid color: '${env:MONITOR_COLOR_HI' (Context: '%{F${env:MONITOR_COLOR_HI'))
polybar|error: Parser error (reason: Invalid color: '${env:MONITOR_COLOR_ACC' (Context: '%{F${env:MONITOR_COLOR_ACC'))
polybar|warn:  Dropping unmatched character '' (U+e0b3) in '}} 2025-08-01  09:48:15 '
polybar|error: Parser error (reason: Invalid color: '${env:MONITOR_COLOR_HI' (Context: '%{F${env:MONITOR_COLOR_HI'))
polybar|error: Parser error (reason: Invalid color: '${env:MONITOR_COLOR_ACC' (Context: '%{F${env:MONITOR_COLOR_ACC'))
polybar|error: Parser error (reason: Invalid color: '${env:MONITOR_COLOR_HI' (Context: '%{F${env:MONITOR_COLOR_HI'))
polybar|warn:  Dropping unmatched character '' (U+f444) in '}} <usage> '
polybar|error: Parser error (reason: Invalid color: '${env:MONITOR_COLOR_ACC' (Context: '%{F${env:MONITOR_COLOR_ACC'))
polybar|warn:  Dropping unmatched character '' (U+f538) in '}} <used_mem> '
polybar|warn:  Dropping unmatched character '' (U+e266) in '}} <used_mem> '
polybar|error: Parser error (reason: Invalid color: '${env:MONITOR_COLOR_ACC' (Context: '%{F${env:MONITOR_COLOR_ACC'))
polybar|error: Parser error (reason: Invalid color: '${env:MONITOR_COLOR_ACC' (Context: '%{F${env:MONITOR_COLOR_ACC'))
polybar|warn:  Dropping unmatched character '' (U+e0b3) in '}} 2025-08-01  09:48:15 '
polybar|warn:  Dropping unmatched character '' (U+e0b3) in '}} 2025-08-01  09:48:15 '
polybar|error: Parser error (reason: Invalid color: '${env:MONITOR_COLOR_ACC' (Context: '%{F${env:MONITOR_COLOR_ACC'))
polybar|error: Parser error (reason: Invalid color: '${env:MONITOR_COLOR_ACC' (Context: '%{F${env:MONITOR_COLOR_ACC'))
polybar|warn:  Dropping unmatched character '' (U+f444) in '}} <usage> '
polybar|warn:  Dropping unmatched character '' (U+f444) in '}} <usage> '
polybar|error: Parser error (reason: Invalid color: '${env:MONITOR_COLOR_ACC' (Context: '%{F${env:MONITOR_COLOR_ACC'))
polybar|error: Parser error (reason: Invalid color: '${env:MONITOR_COLOR_ACC' (Context: '%{F${env:MONITOR_COLOR_ACC'))
polybar|warn:  Dropping unmatched character '' (U+f538) in '}} <used_mem> '
polybar|warn:  Dropping unmatched character '' (U+f538) in '}} <used_mem> '
polybar|warn:  Dropping unmatched character '' (U+e266) in '}} <used_mem> '
polybar|warn:  Dropping unmatched character '' (U+e266) in '}} <used_mem> '
polybar|error: Parser error (reason: Invalid color: '${env:MONITOR_COLOR_HI' (Context: '%{F${env:MONITOR_COLOR_HI'))
polybar|error: Parser error (reason: Invalid color: '${env:MONITOR_COLOR_HI' (Context: '%{F${env:MONITOR_COLOR_HI'))
polybar|error: Parser error (reason: Invalid color: '${env:MONITOR_COLOR_HI' (Context: '%{F${env:MONITOR_COLOR_HI'))
polybar|error: Parser error (reason: Invalid color: '${env:MONITOR_COLOR_ACC' (Context: '%{F${env:MONITOR_COLOR_ACC'))
polybar|error: Parser error (reason: Invalid color: '${env:MONITOR_COLOR_ACC' (Context: '%{F${env:MONITOR_COLOR_ACC'))
polybar|warn:  Dropping unmatched character '' (U+e0b3) in '}} 2025-08-01  09:48:20 '
polybar|warn:  Dropping unmatched character '' (U+e0b3) in '}} 2025-08-01  09:48:20 '
polybar|error: Parser error (reason: Invalid color: '${env:MONITOR_COLOR_ACC' (Context: '%{F${env:MONITOR_COLOR_ACC'))
polybar|error: Parser error (reason: Invalid color: '${env:MONITOR_COLOR_ACC' (Context: '%{F${env:MONITOR_COLOR_ACC'))
polybar|error: Parser error (reason: Invalid color: '${env:MONITOR_COLOR_ACC' (Context: '%{F${env:MONITOR_COLOR_ACC'))
polybar|warn:  Dropping unmatched character '' (U+e0b3) in '}} 2025-08-01  09:48:20 '
polybar|warn:  Dropping unmatched character '' (U+f444) in '}} <usage> '
polybar|warn:  Dropping unmatched character '' (U+f444) in '}} <usage> '
polybar|error: Parser error (reason: Invalid color: '${env:MONITOR_COLOR_ACC' (Context: '%{F${env:MONITOR_COLOR_ACC'))
polybar|error: Parser error (reason: Invalid color: '${env:MONITOR_COLOR_ACC' (Context: '%{F${env:MONITOR_COLOR_ACC'))
polybar|error: Parser error (reason: Invalid color: '${env:MONITOR_COLOR_ACC' (Context: '%{F${env:MONITOR_COLOR_ACC'))
polybar|warn:  Dropping unmatched character '' (U+f538) in '}} <used_mem> '
polybar|warn:  Dropping unmatched character '' (U+f538) in '}} <used_mem> '
polybar|warn:  Dropping unmatched character '' (U+e266) in '}} <used_mem> '
polybar|warn:  Dropping unmatched character '' (U+f444) in '}} <usage> '
polybar|warn:  Dropping unmatched character '' (U+e266) in '}} <used_mem> '
polybar|error: Parser error (reason: Invalid color: '${env:MONITOR_COLOR_ACC' (Context: '%{F${env:MONITOR_COLOR_ACC'))
polybar|warn:  Dropping unmatched character '' (U+f538) in '}} <used_mem> '
polybar|warn:  Dropping unmatched character '' (U+e266) in '}} <used_mem> '
polybar|error: Parser error (reason: Invalid color: '${env:MONITOR_COLOR_HI' (Context: '%{F${env:MONITOR_COLOR_HI'))
polybar|error: Parser error (reason: Invalid color: '${env:MONITOR_COLOR_HI' (Context: '%{F${env:MONITOR_COLOR_HI'))
polybar|error: Parser error (reason: Invalid color: '${env:MONITOR_COLOR_HI' (Context: '%{F${env:MONITOR_COLOR_HI'))
polybar|error: Parser error (reason: Invalid color: '${env:MONITOR_COLOR_ACC' (Context: '%{F${env:MONITOR_COLOR_ACC'))
polybar|error: Parser error (reason: Invalid color: '${env:MONITOR_COLOR_ACC' (Context: '%{F${env:MONITOR_COLOR_ACC'))
polybar|error: Parser error (reason: Invalid color: '${env:MONITOR_COLOR_ACC' (Context: '%{F${env:MONITOR_COLOR_ACC'))
polybar|warn:  Dropping unmatched character '' (U+e0b3) in '}} 2025-08-01  09:48:25 '
polybar|warn:  Dropping unmatched character '' (U+e0b3) in '}} 2025-08-01  09:48:25 '
polybar|warn:  Dropping unmatched character '' (U+e0b3) in '}} 2025-08-01  09:48:25 '
polybar|error: Parser error (reason: Invalid color: '${env:MONITOR_COLOR_ACC' (Context: '%{F${env:MONITOR_COLOR_ACC'))
polybar|error: Parser error (reason: Invalid color: '${env:MONITOR_COLOR_ACC' (Context: '%{F${env:MONITOR_COLOR_ACC'))
polybar|error: Parser error (reason: Invalid color: '${env:MONITOR_COLOR_ACC' (Context: '%{F${env:MONITOR_COLOR_ACC'))
polybar|warn:  Dropping unmatched character '' (U+f444) in '}} <usage> '
polybar|warn:  Dropping unmatched character '' (U+f444) in '}} <usage> '
polybar|error: Parser error (reason: Invalid color: '${env:MONITOR_COLOR_ACC' (Context: '%{F${env:MONITOR_COLOR_ACC'))
polybar|error: Parser error (reason: Invalid color: '${env:MONITOR_COLOR_ACC' (Context: '%{F${env:MONITOR_COLOR_ACC'))
polybar|warn:  Dropping unmatched character '' (U+f444) in '}} <usage> '
polybar|warn:  Dropping unmatched character '' (U+f538) in '}} <used_mem> '
polybar|warn:  Dropping unmatched character '' (U+f538) in '}} <used_mem> '
polybar|warn:  Dropping unmatched character '' (U+e266) in '}} <used_mem> '
polybar|error: Parser error (reason: Invalid color: '${env:MONITOR_COLOR_ACC' (Context: '%{F${env:MONITOR_COLOR_ACC'))
polybar|warn:  Dropping unmatched character '' (U+e266) in '}} <used_mem> '
polybar|warn:  Dropping unmatched character '' (U+f538) in '}} <used_mem> '
polybar|warn:  Dropping unmatched character '' (U+e266) in '}} <used_mem> '
polybar|error: Parser error (reason: Invalid color: '${env:MONITOR_COLOR_HI' (Context: '%{F${env:MONITOR_COLOR_HI'))
polybar|error: Parser error (reason: Invalid color: '${env:MONITOR_COLOR_HI' (Context: '%{F${env:MONITOR_COLOR_HI'))
polybar|error: Parser error (reason: Invalid color: '${env:MONITOR_COLOR_HI' (Context: '%{F${env:MONITOR_COLOR_HI'))
polybar|error: Parser error (reason: Invalid color: '${env:MONITOR_COLOR_ACC' (Context: '%{F${env:MONITOR_COLOR_ACC'))
polybar|error: Parser error (reason: Invalid color: '${env:MONITOR_COLOR_ACC' (Context: '%{F${env:MONITOR_COLOR_ACC'))
polybar|warn:  Dropping unmatched character '' (U+e0b3) in '}} 2025-08-01  09:48:30 '
polybar|warn:  Dropping unmatched character '' (U+e0b3) in '}} 2025-08-01  09:48:30 '
polybar|error: Parser error (reason: Invalid color: '${env:MONITOR_COLOR_ACC' (Context: '%{F${env:MONITOR_COLOR_ACC'))
polybar|error: Parser error (reason: Invalid color: '${env:MONITOR_COLOR_ACC' (Context: '%{F${env:MONITOR_COLOR_ACC'))
polybar|error: Parser error (reason: Invalid color: '${env:MONITOR_COLOR_ACC' (Context: '%{F${env:MONITOR_COLOR_ACC'))
polybar|warn:  Dropping unmatched character '' (U+e0b3) in '}} 2025-08-01  09:48:30 '
polybar|warn:  Dropping unmatched character '' (U+f444) in '}} <usage> '
polybar|error: Parser error (reason: Invalid color: '${env:MONITOR_COLOR_ACC' (Context: '%{F${env:MONITOR_COLOR_ACC'))
polybar|warn:  Dropping unmatched character '' (U+f444) in '}} <usage> '
polybar|warn:  Dropping unmatched character '' (U+f538) in '}} <used_mem> '
polybar|warn:  Dropping unmatched character '' (U+e266) in '}} <used_mem> '
polybar|error: Parser error (reason: Invalid color: '${env:MONITOR_COLOR_ACC' (Context: '%{F${env:MONITOR_COLOR_ACC'))
polybar|error: Parser error (reason: Invalid color: '${env:MONITOR_COLOR_ACC' (Context: '%{F${env:MONITOR_COLOR_ACC'))
polybar|warn:  Dropping unmatched character '' (U+f538) in '}} <used_mem> '
polybar|warn:  Dropping unmatched character '' (U+f444) in '}} <usage> '
polybar|warn:  Dropping unmatched character '' (U+e266) in '}} <used_mem> '
polybar|error: Parser error (reason: Invalid color: '${env:MONITOR_COLOR_ACC' (Context: '%{F${env:MONITOR_COLOR_ACC'))
polybar|warn:  Dropping unmatched character '' (U+f538) in '}} <used_mem> '
polybar|warn:  Dropping unmatched character '' (U+e266) in '}} <used_mem> '
polybar|error: Parser error (reason: Invalid color: '${env:MONITOR_COLOR_HI' (Context: '%{F${env:MONITOR_COLOR_HI'))
polybar|error: Parser error (reason: Invalid color: '${env:MONITOR_COLOR_HI' (Context: '%{F${env:MONITOR_COLOR_HI'))
polybar|error: Parser error (reason: Invalid color: '${env:MONITOR_COLOR_HI' (Context: '%{F${env:MONITOR_COLOR_HI'))
polybar|error: Parser error (reason: Invalid color: '${env:MONITOR_COLOR_ACC' (Context: '%{F${env:MONITOR_COLOR_ACC'))
polybar|error: Parser error (reason: Invalid color: '${env:MONITOR_COLOR_ACC' (Context: '%{F${env:MONITOR_COLOR_ACC'))
polybar|error: Parser error (reason: Invalid color: '${env:MONITOR_COLOR_ACC' (Context: '%{F${env:MONITOR_COLOR_ACC'))
polybar|warn:  Dropping unmatched character '' (U+e0b3) in '}} 2025-08-01  09:48:35 '
polybar|warn:  Dropping unmatched character '' (U+e0b3) in '}} 2025-08-01  09:48:35 '
polybar|warn:  Dropping unmatched character '' (U+e0b3) in '}} 2025-08-01  09:48:35 '
polybar|error: Parser error (reason: Invalid color: '${env:MONITOR_COLOR_ACC' (Context: '%{F${env:MONITOR_COLOR_ACC'))
polybar|warn:  Dropping unmatched character '' (U+f444) in '}} <usage> '
polybar|error: Parser error (reason: Invalid color: '${env:MONITOR_COLOR_ACC' (Context: '%{F${env:MONITOR_COLOR_ACC'))
polybar|error: Parser error (reason: Invalid color: '${env:MONITOR_COLOR_ACC' (Context: '%{F${env:MONITOR_COLOR_ACC'))
polybar|error: Parser error (reason: Invalid color: '${env:MONITOR_COLOR_ACC' (Context: '%{F${env:MONITOR_COLOR_ACC'))
polybar|warn:  Dropping unmatched character '' (U+f538) in '}} <used_mem> '
polybar|warn:  Dropping unmatched character '' (U+f444) in '}} <usage> '
polybar|warn:  Dropping unmatched character '' (U+e266) in '}} <used_mem> '
polybar|warn:  Dropping unmatched character '' (U+f444) in '}} <usage> '
polybar|error: Parser error (reason: Invalid color: '${env:MONITOR_COLOR_ACC' (Context: '%{F${env:MONITOR_COLOR_ACC'))
polybar|warn:  Dropping unmatched character '' (U+f538) in '}} <used_mem> '
polybar|warn:  Dropping unmatched character '' (U+e266) in '}} <used_mem> '
polybar|error: Parser error (reason: Invalid color: '${env:MONITOR_COLOR_ACC' (Context: '%{F${env:MONITOR_COLOR_ACC'))
polybar|warn:  Dropping unmatched character '' (U+f538) in '}} <used_mem> '
polybar|warn:  Dropping unmatched character '' (U+e266) in '}} <used_mem> '
polybar|error: Parser error (reason: Invalid color: '${env:MONITOR_COLOR_HI' (Context: '%{F${env:MONITOR_COLOR_HI'))
polybar|error: Parser error (reason: Invalid color: '${env:MONITOR_COLOR_HI' (Context: '%{F${env:MONITOR_COLOR_HI'))
polybar|error: Parser error (reason: Invalid color: '${env:MONITOR_COLOR_HI' (Context: '%{F${env:MONITOR_COLOR_HI'))
polybar|error: Parser error (reason: Invalid color: '${env:MONITOR_COLOR_ACC' (Context: '%{F${env:MONITOR_COLOR_ACC'))
polybar|error: Parser error (reason: Invalid color: '${env:MONITOR_COLOR_ACC' (Context: '%{F${env:MONITOR_COLOR_ACC'))
polybar|warn:  Dropping unmatched character '' (U+e0b3) in '}} 2025-08-01  09:48:40 '
polybar|warn:  Dropping unmatched character '' (U+e0b3) in '}} 2025-08-01  09:48:40 '
polybar|error: Parser error (reason: Invalid color: '${env:MONITOR_COLOR_ACC' (Context: '%{F${env:MONITOR_COLOR_ACC'))
polybar|error: Parser error (reason: Invalid color: '${env:MONITOR_COLOR_ACC' (Context: '%{F${env:MONITOR_COLOR_ACC'))
polybar|error: Parser error (reason: Invalid color: '${env:MONITOR_COLOR_ACC' (Context: '%{F${env:MONITOR_COLOR_ACC'))
polybar|warn:  Dropping unmatched character '' (U+f444) in '}} <usage> '
polybar|warn:  Dropping unmatched character '' (U+f444) in '}} <usage> '
polybar|warn:  Dropping unmatched character '' (U+e0b3) in '}} 2025-08-01  09:48:40 '
polybar|error: Parser error (reason: Invalid color: '${env:MONITOR_COLOR_ACC' (Context: '%{F${env:MONITOR_COLOR_ACC'))
polybar|error: Parser error (reason: Invalid color: '${env:MONITOR_COLOR_ACC' (Context: '%{F${env:MONITOR_COLOR_ACC'))
polybar|warn:  Dropping unmatched character '' (U+f538) in '}} <used_mem> '
polybar|warn:  Dropping unmatched character '' (U+f538) in '}} <used_mem> '
polybar|error: Parser error (reason: Invalid color: '${env:MONITOR_COLOR_ACC' (Context: '%{F${env:MONITOR_COLOR_ACC'))
polybar|warn:  Dropping unmatched character '' (U+e266) in '}} <used_mem> '
polybar|warn:  Dropping unmatched character '' (U+e266) in '}} <used_mem> '
polybar|warn:  Dropping unmatched character '' (U+f444) in '}} <usage> '
polybar|error: Parser error (reason: Invalid color: '${env:MONITOR_COLOR_ACC' (Context: '%{F${env:MONITOR_COLOR_ACC'))
polybar|warn:  Dropping unmatched character '' (U+f538) in '}} <used_mem> '
polybar|warn:  Dropping unmatched character '' (U+e266) in '}} <used_mem> '
polybar|error: Parser error (reason: Invalid color: '${env:MONITOR_COLOR_HI' (Context: '%{F${env:MONITOR_COLOR_HI'))
polybar|error: Parser error (reason: Invalid color: '${env:MONITOR_COLOR_HI' (Context: '%{F${env:MONITOR_COLOR_HI'))
polybar|error: Parser error (reason: Invalid color: '${env:MONITOR_COLOR_ACC' (Context: '%{F${env:MONITOR_COLOR_ACC'))
polybar|warn:  Dropping unmatched character '' (U+e0b3) in '}} 2025-08-01  09:48:40 '
polybar|error: Parser error (reason: Invalid color: '${env:MONITOR_COLOR_ACC' (Context: '%{F${env:MONITOR_COLOR_ACC'))
polybar|error: Parser error (reason: Invalid color: '${env:MONITOR_COLOR_ACC' (Context: '%{F${env:MONITOR_COLOR_ACC'))
polybar|warn:  Dropping unmatched character '' (U+e0b3) in '}} 2025-08-01  09:48:40 '
polybar|warn:  Dropping unmatched character '' (U+f444) in '}} <usage> '
polybar|error: Parser error (reason: Invalid color: '${env:MONITOR_COLOR_ACC' (Context: '%{F${env:MONITOR_COLOR_ACC'))
polybar|error: Parser error (reason: Invalid color: '${env:MONITOR_COLOR_ACC' (Context: '%{F${env:MONITOR_COLOR_ACC'))
polybar|warn:  Dropping unmatched character '' (U+f538) in '}} <used_mem> '
polybar|error: Parser error (reason: Invalid color: '${env:MONITOR_COLOR_HI' (Context: '%{F${env:MONITOR_COLOR_HI'))
polybar|warn:  Dropping unmatched character '' (U+f444) in '}} <usage> '
polybar|warn:  Dropping unmatched character '' (U+e266) in '}} <used_mem> '
polybar|error: Parser error (reason: Invalid color: '${env:MONITOR_COLOR_ACC' (Context: '%{F${env:MONITOR_COLOR_ACC'))
polybar|warn:  Dropping unmatched character '' (U+f538) in '}} <used_mem> '
polybar|warn:  Dropping unmatched character '' (U+e266) in '}} <used_mem> '
polybar|error: Parser error (reason: Invalid color: '${env:MONITOR_COLOR_ACC' (Context: '%{F${env:MONITOR_COLOR_ACC'))
polybar|warn:  Dropping unmatched character '' (U+e0b3) in '}} 2025-08-01  09:48:40 '
polybar|error: Parser error (reason: Invalid color: '${env:MONITOR_COLOR_ACC' (Context: '%{F${env:MONITOR_COLOR_ACC'))
polybar|warn:  Dropping unmatched character '' (U+f444) in '}} <usage> '
polybar|error: Parser error (reason: Invalid color: '${env:MONITOR_COLOR_ACC' (Context: '%{F${env:MONITOR_COLOR_ACC'))
polybar|warn:  Dropping unmatched character '' (U+f538) in '}} <used_mem> '
polybar|warn:  Dropping unmatched character '' (U+e266) in '}} <used_mem> '
polybar|error: Parser error (reason: Invalid color: '${env:MONITOR_COLOR_HI' (Context: '%{F${env:MONITOR_COLOR_HI'))
polybar|error: Parser error (reason: Invalid color: '${env:MONITOR_COLOR_HI' (Context: '%{F${env:MONITOR_COLOR_HI'))
polybar|error: Parser error (reason: Invalid color: '${env:MONITOR_COLOR_HI' (Context: '%{F${env:MONITOR_COLOR_HI'))
polybar|error: Parser error (reason: Invalid color: '${env:MONITOR_COLOR_ACC' (Context: '%{F${env:MONITOR_COLOR_ACC'))
polybar|warn:  Dropping unmatched character '' (U+e0b3) in '}} 2025-08-01  09:48:40 '
polybar|error: Parser error (reason: Invalid color: '${env:MONITOR_COLOR_ACC' (Context: '%{F${env:MONITOR_COLOR_ACC'))
polybar|error: Parser error (reason: Invalid color: '${env:MONITOR_COLOR_ACC' (Context: '%{F${env:MONITOR_COLOR_ACC'))
polybar|error: Parser error (reason: Invalid color: '${env:MONITOR_COLOR_ACC' (Context: '%{F${env:MONITOR_COLOR_ACC'))
polybar|warn:  Dropping unmatched character '' (U+f444) in '}} <usage> '
polybar|warn:  Dropping unmatched character '' (U+e0b3) in '}} 2025-08-01  09:48:40 '
polybar|warn:  Dropping unmatched character '' (U+e0b3) in '}} 2025-08-01  09:48:40 '
polybar|error: Parser error (reason: Invalid color: '${env:MONITOR_COLOR_ACC' (Context: '%{F${env:MONITOR_COLOR_ACC'))
polybar|error: Parser error (reason: Invalid color: '${env:MONITOR_COLOR_ACC' (Context: '%{F${env:MONITOR_COLOR_ACC'))
polybar|error: Parser error (reason: Invalid color: '${env:MONITOR_COLOR_ACC' (Context: '%{F${env:MONITOR_COLOR_ACC'))
polybar|warn:  Dropping unmatched character '' (U+f538) in '}} <used_mem> '
polybar|warn:  Dropping unmatched character '' (U+f444) in '}} <usage> '
polybar|warn:  Dropping unmatched character '' (U+e266) in '}} <used_mem> '
polybar|warn:  Dropping unmatched character '' (U+f444) in '}} <usage> '
polybar|error: Parser error (reason: Invalid color: '${env:MONITOR_COLOR_ACC' (Context: '%{F${env:MONITOR_COLOR_ACC'))
polybar|error: Parser error (reason: Invalid color: '${env:MONITOR_COLOR_ACC' (Context: '%{F${env:MONITOR_COLOR_ACC'))
polybar|warn:  Dropping unmatched character '' (U+f538) in '}} <used_mem> '
polybar|warn:  Dropping unmatched character '' (U+f538) in '}} <used_mem> '
polybar|warn:  Dropping unmatched character '' (U+e266) in '}} <used_mem> '
polybar|warn:  Dropping unmatched character '' (U+e266) in '}} <used_mem> '
polybar|error: Parser error (reason: Invalid color: '${env:MONITOR_COLOR_HI' (Context: '%{F${env:MONITOR_COLOR_HI'))
polybar|error: Parser error (reason: Invalid color: '${env:MONITOR_COLOR_HI' (Context: '%{F${env:MONITOR_COLOR_HI'))
polybar|error: Parser error (reason: Invalid color: '${env:MONITOR_COLOR_HI' (Context: '%{F${env:MONITOR_COLOR_HI'))
polybar|error: Parser error (reason: Invalid color: '${env:MONITOR_COLOR_ACC' (Context: '%{F${env:MONITOR_COLOR_ACC'))
polybar|error: Parser error (reason: Invalid color: '${env:MONITOR_COLOR_ACC' (Context: '%{F${env:MONITOR_COLOR_ACC'))
polybar|error: Parser error (reason: Invalid color: '${env:MONITOR_COLOR_ACC' (Context: '%{F${env:MONITOR_COLOR_ACC'))
polybar|warn:  Dropping unmatched character '' (U+e0b3) in '}} 2025-08-01  09:48:40 '
polybar|warn:  Dropping unmatched character '' (U+e0b3) in '}} 2025-08-01  09:48:40 '
polybar|warn:  Dropping unmatched character '' (U+e0b3) in '}} 2025-08-01  09:48:40 '
polybar|error: Parser error (reason: Invalid color: '${env:MONITOR_COLOR_ACC' (Context: '%{F${env:MONITOR_COLOR_ACC'))
polybar|error: Parser error (reason: Invalid color: '${env:MONITOR_COLOR_ACC' (Context: '%{F${env:MONITOR_COLOR_ACC'))
polybar|error: Parser error (reason: Invalid color: '${env:MONITOR_COLOR_ACC' (Context: '%{F${env:MONITOR_COLOR_ACC'))
polybar|warn:  Dropping unmatched character '' (U+f444) in '}} <usage> '
polybar|warn:  Dropping unmatched character '' (U+f444) in '}} <usage> '
polybar|warn:  Dropping unmatched character '' (U+f444) in '}} <usage> '
polybar|error: Parser error (reason: Invalid color: '${env:MONITOR_COLOR_ACC' (Context: '%{F${env:MONITOR_COLOR_ACC'))
polybar|error: Parser error (reason: Invalid color: '${env:MONITOR_COLOR_ACC' (Context: '%{F${env:MONITOR_COLOR_ACC'))
polybar|error: Parser error (reason: Invalid color: '${env:MONITOR_COLOR_ACC' (Context: '%{F${env:MONITOR_COLOR_ACC'))
polybar|warn:  Dropping unmatched character '' (U+f538) in '}} <used_mem> '
polybar|warn:  Dropping unmatched character '' (U+f538) in '}} <used_mem> '
polybar|warn:  Dropping unmatched character '' (U+f538) in '}} <used_mem> '
polybar|warn:  Dropping unmatched character '' (U+e266) in '}} <used_mem> '
polybar|warn:  Dropping unmatched character '' (U+e266) in '}} <used_mem> '
polybar|warn:  Dropping unmatched character '' (U+e266) in '}} <used_mem> '
polybar|error: Parser error (reason: Invalid color: '${env:MONITOR_COLOR_HI' (Context: '%{F${env:MONITOR_COLOR_HI'))
polybar|error: Parser error (reason: Invalid color: '${env:MONITOR_COLOR_HI' (Context: '%{F${env:MONITOR_COLOR_HI'))
polybar|error: Parser error (reason: Invalid color: '${env:MONITOR_COLOR_ACC' (Context: '%{F${env:MONITOR_COLOR_ACC'))
polybar|warn:  Dropping unmatched character '' (U+e0b3) in '}} 2025-08-01  09:48:40 '
polybar|error: Parser error (reason: Invalid color: '${env:MONITOR_COLOR_HI' (Context: '%{F${env:MONITOR_COLOR_HI'))
polybar|error: Parser error (reason: Invalid color: '${env:MONITOR_COLOR_ACC' (Context: '%{F${env:MONITOR_COLOR_ACC'))
polybar|error: Parser error (reason: Invalid color: '${env:MONITOR_COLOR_ACC' (Context: '%{F${env:MONITOR_COLOR_ACC'))
polybar|warn:  Dropping unmatched character '' (U+f444) in '}} <usage> '
polybar|warn:  Dropping unmatched character '' (U+e0b3) in '}} 2025-08-01  09:48:40 '
polybar|error: Parser error (reason: Invalid color: '${env:MONITOR_COLOR_ACC' (Context: '%{F${env:MONITOR_COLOR_ACC'))
polybar|warn:  Dropping unmatched character '' (U+f538) in '}} <used_mem> '
polybar|error: Parser error (reason: Invalid color: '${env:MONITOR_COLOR_ACC' (Context: '%{F${env:MONITOR_COLOR_ACC'))
polybar|warn:  Dropping unmatched character '' (U+e266) in '}} <used_mem> '
polybar|warn:  Dropping unmatched character '' (U+f444) in '}} <usage> '
polybar|error: Parser error (reason: Invalid color: '${env:MONITOR_COLOR_ACC' (Context: '%{F${env:MONITOR_COLOR_ACC'))
polybar|error: Parser error (reason: Invalid color: '${env:MONITOR_COLOR_ACC' (Context: '%{F${env:MONITOR_COLOR_ACC'))
polybar|warn:  Dropping unmatched character '' (U+f538) in '}} <used_mem> '
polybar|warn:  Dropping unmatched character '' (U+e266) in '}} <used_mem> '
polybar|warn:  Dropping unmatched character '' (U+e0b3) in '}} 2025-08-01  09:48:40 '
polybar|error: Parser error (reason: Invalid color: '${env:MONITOR_COLOR_ACC' (Context: '%{F${env:MONITOR_COLOR_ACC'))
polybar|warn:  Dropping unmatched character '' (U+f444) in '}} <usage> '
polybar|error: Parser error (reason: Invalid color: '${env:MONITOR_COLOR_ACC' (Context: '%{F${env:MONITOR_COLOR_ACC'))
polybar|warn:  Dropping unmatched character '' (U+f538) in '}} <used_mem> '
polybar|warn:  Dropping unmatched character '' (U+e266) in '}} <used_mem> '
polybar|error: Parser error (reason: Invalid color: '${env:MONITOR_COLOR_HI' (Context: '%{F${env:MONITOR_COLOR_HI'))
polybar|error: Parser error (reason: Invalid color: '${env:MONITOR_COLOR_HI' (Context: '%{F${env:MONITOR_COLOR_HI'))
polybar|error: Parser error (reason: Invalid color: '${env:MONITOR_COLOR_HI' (Context: '%{F${env:MONITOR_COLOR_HI'))
polybar|error: Parser error (reason: Invalid color: '${env:MONITOR_COLOR_ACC' (Context: '%{F${env:MONITOR_COLOR_ACC'))
polybar|warn:  Dropping unmatched character '' (U+e0b3) in '}} 2025-08-01  09:48:45 '
polybar|error: Parser error (reason: Invalid color: '${env:MONITOR_COLOR_ACC' (Context: '%{F${env:MONITOR_COLOR_ACC'))
polybar|error: Parser error (reason: Invalid color: '${env:MONITOR_COLOR_ACC' (Context: '%{F${env:MONITOR_COLOR_ACC'))
polybar|warn:  Dropping unmatched character '' (U+f444) in '}} <usage> '
polybar|error: Parser error (reason: Invalid color: '${env:MONITOR_COLOR_ACC' (Context: '%{F${env:MONITOR_COLOR_ACC'))
polybar|warn:  Dropping unmatched character '' (U+e0b3) in '}} 2025-08-01  09:48:45 '
polybar|warn:  Dropping unmatched character '' (U+f538) in '}} <used_mem> '
polybar|error: Parser error (reason: Invalid color: '${env:MONITOR_COLOR_ACC' (Context: '%{F${env:MONITOR_COLOR_ACC'))
polybar|warn:  Dropping unmatched character '' (U+e266) in '}} <used_mem> '
polybar|error: Parser error (reason: Invalid color: '${env:MONITOR_COLOR_ACC' (Context: '%{F${env:MONITOR_COLOR_ACC'))
polybar|warn:  Dropping unmatched character '' (U+e0b3) in '}} 2025-08-01  09:48:45 '
polybar|warn:  Dropping unmatched character '' (U+f444) in '}} <usage> '
polybar|error: Parser error (reason: Invalid color: '${env:MONITOR_COLOR_ACC' (Context: '%{F${env:MONITOR_COLOR_ACC'))
polybar|error: Parser error (reason: Invalid color: '${env:MONITOR_COLOR_ACC' (Context: '%{F${env:MONITOR_COLOR_ACC'))
polybar|warn:  Dropping unmatched character '' (U+f538) in '}} <used_mem> '
polybar|warn:  Dropping unmatched character '' (U+f444) in '}} <usage> '
polybar|warn:  Dropping unmatched character '' (U+e266) in '}} <used_mem> '
polybar|error: Parser error (reason: Invalid color: '${env:MONITOR_COLOR_ACC' (Context: '%{F${env:MONITOR_COLOR_ACC'))
polybar|warn:  Dropping unmatched character '' (U+f538) in '}} <used_mem> '
polybar|warn:  Dropping unmatched character '' (U+e266) in '}} <used_mem> '
polybar|error: Parser error (reason: Invalid color: '${env:MONITOR_COLOR_HI' (Context: '%{F${env:MONITOR_COLOR_HI'))
polybar|error: Parser error (reason: Invalid color: '${env:MONITOR_COLOR_HI' (Context: '%{F${env:MONITOR_COLOR_HI'))
polybar|error: Parser error (reason: Invalid color: '${env:MONITOR_COLOR_HI' (Context: '%{F${env:MONITOR_COLOR_HI'))
polybar|error: Parser error (reason: Invalid color: '${env:MONITOR_COLOR_ACC' (Context: '%{F${env:MONITOR_COLOR_ACC'))
polybar|error: Parser error (reason: Invalid color: '${env:MONITOR_COLOR_ACC' (Context: '%{F${env:MONITOR_COLOR_ACC'))
polybar|error: Parser error (reason: Invalid color: '${env:MONITOR_COLOR_ACC' (Context: '%{F${env:MONITOR_COLOR_ACC'))
polybar|warn:  Dropping unmatched character '' (U+e0b3) in '}} 2025-08-01  09:48:50 '
polybar|warn:  Dropping unmatched character '' (U+e0b3) in '}} 2025-08-01  09:48:50 '
polybar|warn:  Dropping unmatched character '' (U+e0b3) in '}} 2025-08-01  09:48:50 '
polybar|error: Parser error (reason: Invalid color: '${env:MONITOR_COLOR_ACC' (Context: '%{F${env:MONITOR_COLOR_ACC'))
polybar|error: Parser error (reason: Invalid color: '${env:MONITOR_COLOR_ACC' (Context: '%{F${env:MONITOR_COLOR_ACC'))
polybar|error: Parser error (reason: Invalid color: '${env:MONITOR_COLOR_ACC' (Context: '%{F${env:MONITOR_COLOR_ACC'))
polybar|warn:  Dropping unmatched character '' (U+f444) in '}} <usage> '
polybar|warn:  Dropping unmatched character '' (U+f444) in '}} <usage> '
polybar|warn:  Dropping unmatched character '' (U+f444) in '}} <usage> '
polybar|error: Parser error (reason: Invalid color: '${env:MONITOR_COLOR_ACC' (Context: '%{F${env:MONITOR_COLOR_ACC'))
polybar|error: Parser error (reason: Invalid color: '${env:MONITOR_COLOR_ACC' (Context: '%{F${env:MONITOR_COLOR_ACC'))
polybar|warn:  Dropping unmatched character '' (U+f538) in '}} <used_mem> '
polybar|warn:  Dropping unmatched character '' (U+f538) in '}} <used_mem> '
polybar|error: Parser error (reason: Invalid color: '${env:MONITOR_COLOR_ACC' (Context: '%{F${env:MONITOR_COLOR_ACC'))
polybar|warn:  Dropping unmatched character '' (U+e266) in '}} <used_mem> '
polybar|warn:  Dropping unmatched character '' (U+e266) in '}} <used_mem> '
polybar|warn:  Dropping unmatched character '' (U+f538) in '}} <used_mem> '
polybar|warn:  Dropping unmatched character '' (U+e266) in '}} <used_mem> '
polybar|error: Parser error (reason: Invalid color: '${env:MONITOR_COLOR_HI' (Context: '%{F${env:MONITOR_COLOR_HI'))
polybar|error: Parser error (reason: Invalid color: '${env:MONITOR_COLOR_HI' (Context: '%{F${env:MONITOR_COLOR_HI'))
polybar|error: Parser error (reason: Invalid color: '${env:MONITOR_COLOR_HI' (Context: '%{F${env:MONITOR_COLOR_HI'))
polybar|error: Parser error (reason: Invalid color: '${env:MONITOR_COLOR_ACC' (Context: '%{F${env:MONITOR_COLOR_ACC'))
polybar|error: Parser error (reason: Invalid color: '${env:MONITOR_COLOR_ACC' (Context: '%{F${env:MONITOR_COLOR_ACC'))
polybar|warn:  Dropping unmatched character '' (U+e0b3) in '}} 2025-08-01  09:48:55 '
polybar|warn:  Dropping unmatched character '' (U+e0b3) in '}} 2025-08-01  09:48:55 '
polybar|error: Parser error (reason: Invalid color: '${env:MONITOR_COLOR_ACC' (Context: '%{F${env:MONITOR_COLOR_ACC'))
polybar|error: Parser error (reason: Invalid color: '${env:MONITOR_COLOR_ACC' (Context: '%{F${env:MONITOR_COLOR_ACC'))
polybar|error: Parser error (reason: Invalid color: '${env:MONITOR_COLOR_ACC' (Context: '%{F${env:MONITOR_COLOR_ACC'))
polybar|warn:  Dropping unmatched character '' (U+f444) in '}} <usage> '
polybar|warn:  Dropping unmatched character '' (U+f444) in '}} <usage> '
polybar|error: Parser error (reason: Invalid color: '${env:MONITOR_COLOR_ACC' (Context: '%{F${env:MONITOR_COLOR_ACC'))
polybar|warn:  Dropping unmatched character '' (U+e0b3) in '}} 2025-08-01  09:48:55 '
polybar|warn:  Dropping unmatched character '' (U+f538) in '}} <used_mem> '
polybar|error: Parser error (reason: Invalid color: '${env:MONITOR_COLOR_ACC' (Context: '%{F${env:MONITOR_COLOR_ACC'))
polybar|warn:  Dropping unmatched character '' (U+e266) in '}} <used_mem> '
polybar|warn:  Dropping unmatched character '' (U+f538) in '}} <used_mem> '
polybar|error: Parser error (reason: Invalid color: '${env:MONITOR_COLOR_ACC' (Context: '%{F${env:MONITOR_COLOR_ACC'))
polybar|warn:  Dropping unmatched character '' (U+e266) in '}} <used_mem> '
polybar|warn:  Dropping unmatched character '' (U+f444) in '}} <usage> '
polybar|error: Parser error (reason: Invalid color: '${env:MONITOR_COLOR_ACC' (Context: '%{F${env:MONITOR_COLOR_ACC'))
polybar|warn:  Dropping unmatched character '' (U+f538) in '}} <used_mem> '
polybar|warn:  Dropping unmatched character '' (U+e266) in '}} <used_mem> '
polybar|error: Parser error (reason: Invalid color: '${env:MONITOR_COLOR_HI' (Context: '%{F${env:MONITOR_COLOR_HI'))
polybar|error: Parser error (reason: Invalid color: '${env:MONITOR_COLOR_HI' (Context: '%{F${env:MONITOR_COLOR_HI'))
polybar|error: Parser error (reason: Invalid color: '${env:MONITOR_COLOR_HI' (Context: '%{F${env:MONITOR_COLOR_HI'))
polybar|error: Parser error (reason: Invalid color: '${env:MONITOR_COLOR_ACC' (Context: '%{F${env:MONITOR_COLOR_ACC'))
polybar|error: Parser error (reason: Invalid color: '${env:MONITOR_COLOR_ACC' (Context: '%{F${env:MONITOR_COLOR_ACC'))
polybar|error: Parser error (reason: Invalid color: '${env:MONITOR_COLOR_ACC' (Context: '%{F${env:MONITOR_COLOR_ACC'))
polybar|warn:  Dropping unmatched character '' (U+e0b3) in '}} 2025-08-01  09:49:00 '
polybar|warn:  Dropping unmatched character '' (U+e0b3) in '}} 2025-08-01  09:49:00 '
polybar|error: Parser error (reason: Invalid color: '${env:MONITOR_COLOR_ACC' (Context: '%{F${env:MONITOR_COLOR_ACC'))
polybar|warn:  Dropping unmatched character '' (U+e0b3) in '}} 2025-08-01  09:49:00 '
polybar|error: Parser error (reason: Invalid color: '${env:MONITOR_COLOR_ACC' (Context: '%{F${env:MONITOR_COLOR_ACC'))
polybar|warn:  Dropping unmatched character '' (U+f444) in '}} <usage> '
polybar|error: Parser error (reason: Invalid color: '${env:MONITOR_COLOR_ACC' (Context: '%{F${env:MONITOR_COLOR_ACC'))
polybar|error: Parser error (reason: Invalid color: '${env:MONITOR_COLOR_ACC' (Context: '%{F${env:MONITOR_COLOR_ACC'))
polybar|warn:  Dropping unmatched character '' (U+f538) in '}} <used_mem> '
polybar|warn:  Dropping unmatched character '' (U+f444) in '}} <usage> '
polybar|warn:  Dropping unmatched character '' (U+e266) in '}} <used_mem> '
polybar|warn:  Dropping unmatched character '' (U+f444) in '}} <usage> '
polybar|error: Parser error (reason: Invalid color: '${env:MONITOR_COLOR_ACC' (Context: '%{F${env:MONITOR_COLOR_ACC'))
polybar|warn:  Dropping unmatched character '' (U+f538) in '}} <used_mem> '
polybar|error: Parser error (reason: Invalid color: '${env:MONITOR_COLOR_ACC' (Context: '%{F${env:MONITOR_COLOR_ACC'))
polybar|warn:  Dropping unmatched character '' (U+e266) in '}} <used_mem> '
polybar|warn:  Dropping unmatched character '' (U+f538) in '}} <used_mem> '
polybar|warn:  Dropping unmatched character '' (U+e266) in '}} <used_mem> '
polybar|error: Parser error (reason: Invalid color: '${env:MONITOR_COLOR_HI' (Context: '%{F${env:MONITOR_COLOR_HI'))
polybar|error: Parser error (reason: Invalid color: '${env:MONITOR_COLOR_HI' (Context: '%{F${env:MONITOR_COLOR_HI'))
polybar|error: Parser error (reason: Invalid color: '${env:MONITOR_COLOR_HI' (Context: '%{F${env:MONITOR_COLOR_HI'))
polybar|error: Parser error (reason: Invalid color: '${env:MONITOR_COLOR_ACC' (Context: '%{F${env:MONITOR_COLOR_ACC'))
polybar|error: Parser error (reason: Invalid color: '${env:MONITOR_COLOR_ACC' (Context: '%{F${env:MONITOR_COLOR_ACC'))
polybar|error: Parser error (reason: Invalid color: '${env:MONITOR_COLOR_ACC' (Context: '%{F${env:MONITOR_COLOR_ACC'))
polybar|warn:  Dropping unmatched character '' (U+e0b3) in '}} 2025-08-01  09:49:05 '
polybar|warn:  Dropping unmatched character '' (U+e0b3) in '}} 2025-08-01  09:49:05 '
polybar|warn:  Dropping unmatched character '' (U+e0b3) in '}} 2025-08-01  09:49:05 '
polybar|error: Parser error (reason: Invalid color: '${env:MONITOR_COLOR_ACC' (Context: '%{F${env:MONITOR_COLOR_ACC'))
polybar|error: Parser error (reason: Invalid color: '${env:MONITOR_COLOR_ACC' (Context: '%{F${env:MONITOR_COLOR_ACC'))
polybar|error: Parser error (reason: Invalid color: '${env:MONITOR_COLOR_ACC' (Context: '%{F${env:MONITOR_COLOR_ACC'))
polybar|warn:  Dropping unmatched character '' (U+f444) in '}} <usage> '
polybar|warn:  Dropping unmatched character '' (U+f444) in '}} <usage> '
polybar|warn:  Dropping unmatched character '' (U+f444) in '}} <usage> '
polybar|error: Parser error (reason: Invalid color: '${env:MONITOR_COLOR_ACC' (Context: '%{F${env:MONITOR_COLOR_ACC'))
polybar|error: Parser error (reason: Invalid color: '${env:MONITOR_COLOR_ACC' (Context: '%{F${env:MONITOR_COLOR_ACC'))
polybar|error: Parser error (reason: Invalid color: '${env:MONITOR_COLOR_ACC' (Context: '%{F${env:MONITOR_COLOR_ACC'))
polybar|warn:  Dropping unmatched character '' (U+f538) in '}} <used_mem> '
polybar|warn:  Dropping unmatched character '' (U+f538) in '}} <used_mem> '
polybar|warn:  Dropping unmatched character '' (U+f538) in '}} <used_mem> '
polybar|warn:  Dropping unmatched character '' (U+e266) in '}} <used_mem> '
polybar|warn:  Dropping unmatched character '' (U+e266) in '}} <used_mem> '
polybar|warn:  Dropping unmatched character '' (U+e266) in '}} <used_mem> '
polybar|error: Parser error (reason: Invalid color: '${env:MONITOR_COLOR_HI' (Context: '%{F${env:MONITOR_COLOR_HI'))
polybar|error: Parser error (reason: Invalid color: '${env:MONITOR_COLOR_HI' (Context: '%{F${env:MONITOR_COLOR_HI'))
polybar|error: Parser error (reason: Invalid color: '${env:MONITOR_COLOR_HI' (Context: '%{F${env:MONITOR_COLOR_HI'))
polybar|error: Parser error (reason: Invalid color: '${env:MONITOR_COLOR_ACC' (Context: '%{F${env:MONITOR_COLOR_ACC'))
polybar|error: Parser error (reason: Invalid color: '${env:MONITOR_COLOR_ACC' (Context: '%{F${env:MONITOR_COLOR_ACC'))
polybar|error: Parser error (reason: Invalid color: '${env:MONITOR_COLOR_ACC' (Context: '%{F${env:MONITOR_COLOR_ACC'))
polybar|warn:  Dropping unmatched character '' (U+e0b3) in '}} 2025-08-01  09:49:10 '
polybar|warn:  Dropping unmatched character '' (U+e0b3) in '}} 2025-08-01  09:49:10 '
polybar|error: Parser error (reason: Invalid color: '${env:MONITOR_COLOR_ACC' (Context: '%{F${env:MONITOR_COLOR_ACC'))
polybar|error: Parser error (reason: Invalid color: '${env:MONITOR_COLOR_ACC' (Context: '%{F${env:MONITOR_COLOR_ACC'))
polybar|warn:  Dropping unmatched character '' (U+e0b3) in '}} 2025-08-01  09:49:10 '
polybar|warn:  Dropping unmatched character '' (U+f444) in '}} <usage> '
polybar|warn:  Dropping unmatched character '' (U+f444) in '}} <usage> '
polybar|error: Parser error (reason: Invalid color: '${env:MONITOR_COLOR_ACC' (Context: '%{F${env:MONITOR_COLOR_ACC'))
polybar|error: Parser error (reason: Invalid color: '${env:MONITOR_COLOR_ACC' (Context: '%{F${env:MONITOR_COLOR_ACC'))
polybar|warn:  Dropping unmatched character '' (U+f538) in '}} <used_mem> '
polybar|warn:  Dropping unmatched character '' (U+f538) in '}} <used_mem> '
polybar|warn:  Dropping unmatched character '' (U+e266) in '}} <used_mem> '
polybar|warn:  Dropping unmatched character '' (U+e266) in '}} <used_mem> '
polybar|error: Parser error (reason: Invalid color: '${env:MONITOR_COLOR_ACC' (Context: '%{F${env:MONITOR_COLOR_ACC'))
polybar|warn:  Dropping unmatched character '' (U+f444) in '}} <usage> '
polybar|error: Parser error (reason: Invalid color: '${env:MONITOR_COLOR_ACC' (Context: '%{F${env:MONITOR_COLOR_ACC'))
polybar|warn:  Dropping unmatched character '' (U+f538) in '}} <used_mem> '
polybar|warn:  Dropping unmatched character '' (U+e266) in '}} <used_mem> '
polybar|error: Parser error (reason: Invalid color: '${env:MONITOR_COLOR_HI' (Context: '%{F${env:MONITOR_COLOR_HI'))
polybar|error: Parser error (reason: Invalid color: '${env:MONITOR_COLOR_HI' (Context: '%{F${env:MONITOR_COLOR_HI'))
polybar|error: Parser error (reason: Invalid color: '${env:MONITOR_COLOR_HI' (Context: '%{F${env:MONITOR_COLOR_HI'))
polybar|error: Parser error (reason: Invalid color: '${env:MONITOR_COLOR_ACC' (Context: '%{F${env:MONITOR_COLOR_ACC'))
polybar|error: Parser error (reason: Invalid color: '${env:MONITOR_COLOR_ACC' (Context: '%{F${env:MONITOR_COLOR_ACC'))
polybar|error: Parser error (reason: Invalid color: '${env:MONITOR_COLOR_ACC' (Context: '%{F${env:MONITOR_COLOR_ACC'))
polybar|warn:  Dropping unmatched character '' (U+e0b3) in '}} 2025-08-01  09:49:15 '
polybar|warn:  Dropping unmatched character '' (U+e0b3) in '}} 2025-08-01  09:49:15 '
polybar|warn:  Dropping unmatched character '' (U+e0b3) in '}} 2025-08-01  09:49:15 '
polybar|error: Parser error (reason: Invalid color: '${env:MONITOR_COLOR_ACC' (Context: '%{F${env:MONITOR_COLOR_ACC'))
polybar|error: Parser error (reason: Invalid color: '${env:MONITOR_COLOR_ACC' (Context: '%{F${env:MONITOR_COLOR_ACC'))
polybar|warn:  Dropping unmatched character '' (U+f444) in '}} <usage> '
polybar|error: Parser error (reason: Invalid color: '${env:MONITOR_COLOR_ACC' (Context: '%{F${env:MONITOR_COLOR_ACC'))
polybar|error: Parser error (reason: Invalid color: '${env:MONITOR_COLOR_ACC' (Context: '%{F${env:MONITOR_COLOR_ACC'))
polybar|warn:  Dropping unmatched character '' (U+f444) in '}} <usage> '
polybar|warn:  Dropping unmatched character '' (U+f444) in '}} <usage> '
polybar|warn:  Dropping unmatched character '' (U+f538) in '}} <used_mem> '
polybar|warn:  Dropping unmatched character '' (U+e266) in '}} <used_mem> '
polybar|error: Parser error (reason: Invalid color: '${env:MONITOR_COLOR_ACC' (Context: '%{F${env:MONITOR_COLOR_ACC'))
polybar|error: Parser error (reason: Invalid color: '${env:MONITOR_COLOR_ACC' (Context: '%{F${env:MONITOR_COLOR_ACC'))
polybar|warn:  Dropping unmatched character '' (U+f538) in '}} <used_mem> '
polybar|warn:  Dropping unmatched character '' (U+f538) in '}} <used_mem> '
polybar|warn:  Dropping unmatched character '' (U+e266) in '}} <used_mem> '
polybar|warn:  Dropping unmatched character '' (U+e266) in '}} <used_mem> '
polybar|error: Parser error (reason: Invalid color: '${env:MONITOR_COLOR_HI' (Context: '%{F${env:MONITOR_COLOR_HI'))
polybar|error: Parser error (reason: Invalid color: '${env:MONITOR_COLOR_HI' (Context: '%{F${env:MONITOR_COLOR_HI'))
polybar|error: Parser error (reason: Invalid color: '${env:MONITOR_COLOR_HI' (Context: '%{F${env:MONITOR_COLOR_HI'))
polybar|error: Parser error (reason: Invalid color: '${env:MONITOR_COLOR_ACC' (Context: '%{F${env:MONITOR_COLOR_ACC'))
polybar|error: Parser error (reason: Invalid color: '${env:MONITOR_COLOR_ACC' (Context: '%{F${env:MONITOR_COLOR_ACC'))
polybar|warn:  Dropping unmatched character '' (U+e0b3) in '}} 2025-08-01  09:49:15 '
polybar|warn:  Dropping unmatched character '' (U+e0b3) in '}} 2025-08-01  09:49:15 '
polybar|error: Parser error (reason: Invalid color: '${env:MONITOR_COLOR_ACC' (Context: '%{F${env:MONITOR_COLOR_ACC'))
polybar|error: Parser error (reason: Invalid color: '${env:MONITOR_COLOR_ACC' (Context: '%{F${env:MONITOR_COLOR_ACC'))
polybar|error: Parser error (reason: Invalid color: '${env:MONITOR_COLOR_ACC' (Context: '%{F${env:MONITOR_COLOR_ACC'))
polybar|warn:  Dropping unmatched character '' (U+e0b3) in '}} 2025-08-01  09:49:15 '
polybar|warn:  Dropping unmatched character '' (U+f444) in '}} <usage> '
polybar|warn:  Dropping unmatched character '' (U+f444) in '}} <usage> '
polybar|error: Parser error (reason: Invalid color: '${env:MONITOR_COLOR_ACC' (Context: '%{F${env:MONITOR_COLOR_ACC'))
polybar|error: Parser error (reason: Invalid color: '${env:MONITOR_COLOR_ACC' (Context: '%{F${env:MONITOR_COLOR_ACC'))
polybar|warn:  Dropping unmatched character '' (U+f538) in '}} <used_mem> '
polybar|warn:  Dropping unmatched character '' (U+f538) in '}} <used_mem> '
polybar|error: Parser error (reason: Invalid color: '${env:MONITOR_COLOR_ACC' (Context: '%{F${env:MONITOR_COLOR_ACC'))
polybar|warn:  Dropping unmatched character '' (U+e266) in '}} <used_mem> '
polybar|warn:  Dropping unmatched character '' (U+e266) in '}} <used_mem> '
polybar|warn:  Dropping unmatched character '' (U+f444) in '}} <usage> '
polybar|error: Parser error (reason: Invalid color: '${env:MONITOR_COLOR_ACC' (Context: '%{F${env:MONITOR_COLOR_ACC'))
polybar|warn:  Dropping unmatched character '' (U+f538) in '}} <used_mem> '
polybar|warn:  Dropping unmatched character '' (U+e266) in '}} <used_mem> '
polybar|error: Parser error (reason: Invalid color: '${env:MONITOR_COLOR_HI' (Context: '%{F${env:MONITOR_COLOR_HI'))
polybar|error: Parser error (reason: Invalid color: '${env:MONITOR_COLOR_HI' (Context: '%{F${env:MONITOR_COLOR_HI'))
polybar|error: Parser error (reason: Invalid color: '${env:MONITOR_COLOR_HI' (Context: '%{F${env:MONITOR_COLOR_HI'))
polybar|error: Parser error (reason: Invalid color: '${env:MONITOR_COLOR_ACC' (Context: '%{F${env:MONITOR_COLOR_ACC'))
polybar|error: Parser error (reason: Invalid color: '${env:MONITOR_COLOR_ACC' (Context: '%{F${env:MONITOR_COLOR_ACC'))
polybar|error: Parser error (reason: Invalid color: '${env:MONITOR_COLOR_ACC' (Context: '%{F${env:MONITOR_COLOR_ACC'))
polybar|warn:  Dropping unmatched character '' (U+e0b3) in '}} 2025-08-01  09:49:20 '
polybar|warn:  Dropping unmatched character '' (U+e0b3) in '}} 2025-08-01  09:49:20 '
polybar|warn:  Dropping unmatched character '' (U+e0b3) in '}} 2025-08-01  09:49:20 '
polybar|error: Parser error (reason: Invalid color: '${env:MONITOR_COLOR_ACC' (Context: '%{F${env:MONITOR_COLOR_ACC'))
polybar|error: Parser error (reason: Invalid color: '${env:MONITOR_COLOR_ACC' (Context: '%{F${env:MONITOR_COLOR_ACC'))
polybar|error: Parser error (reason: Invalid color: '${env:MONITOR_COLOR_ACC' (Context: '%{F${env:MONITOR_COLOR_ACC'))
polybar|warn:  Dropping unmatched character '' (U+f444) in '}} <usage> '
polybar|warn:  Dropping unmatched character '' (U+f444) in '}} <usage> '
polybar|warn:  Dropping unmatched character '' (U+f444) in '}} <usage> '
polybar|error: Parser error (reason: Invalid color: '${env:MONITOR_COLOR_ACC' (Context: '%{F${env:MONITOR_COLOR_ACC'))
polybar|error: Parser error (reason: Invalid color: '${env:MONITOR_COLOR_ACC' (Context: '%{F${env:MONITOR_COLOR_ACC'))
polybar|warn:  Dropping unmatched character '' (U+f538) in '}} <used_mem> '
polybar|warn:  Dropping unmatched character '' (U+f538) in '}} <used_mem> '
polybar|error: Parser error (reason: Invalid color: '${env:MONITOR_COLOR_ACC' (Context: '%{F${env:MONITOR_COLOR_ACC'))
polybar|warn:  Dropping unmatched character '' (U+e266) in '}} <used_mem> '
polybar|warn:  Dropping unmatched character '' (U+f538) in '}} <used_mem> '
polybar|warn:  Dropping unmatched character '' (U+e266) in '}} <used_mem> '
polybar|warn:  Dropping unmatched character '' (U+e266) in '}} <used_mem> '
polybar|error: Parser error (reason: Invalid color: '${env:MONITOR_COLOR_HI' (Context: '%{F${env:MONITOR_COLOR_HI'))
polybar|error: Parser error (reason: Invalid color: '${env:MONITOR_COLOR_HI' (Context: '%{F${env:MONITOR_COLOR_HI'))
polybar|error: Parser error (reason: Invalid color: '${env:MONITOR_COLOR_HI' (Context: '%{F${env:MONITOR_COLOR_HI'))
polybar|error: Parser error (reason: Invalid color: '${env:MONITOR_COLOR_ACC' (Context: '%{F${env:MONITOR_COLOR_ACC'))
polybar|error: Parser error (reason: Invalid color: '${env:MONITOR_COLOR_ACC' (Context: '%{F${env:MONITOR_COLOR_ACC'))
polybar|error: Parser error (reason: Invalid color: '${env:MONITOR_COLOR_ACC' (Context: '%{F${env:MONITOR_COLOR_ACC'))
polybar|warn:  Dropping unmatched character '' (U+e0b3) in '}} 2025-08-01  09:49:25 '
polybar|warn:  Dropping unmatched character '' (U+e0b3) in '}} 2025-08-01  09:49:25 '
polybar|warn:  Dropping unmatched character '' (U+e0b3) in '}} 2025-08-01  09:49:25 '
polybar|error: Parser error (reason: Invalid color: '${env:MONITOR_COLOR_ACC' (Context: '%{F${env:MONITOR_COLOR_ACC'))
polybar|error: Parser error (reason: Invalid color: '${env:MONITOR_COLOR_ACC' (Context: '%{F${env:MONITOR_COLOR_ACC'))
polybar|error: Parser error (reason: Invalid color: '${env:MONITOR_COLOR_ACC' (Context: '%{F${env:MONITOR_COLOR_ACC'))
polybar|warn:  Dropping unmatched character '' (U+f444) in '}} <usage> '
polybar|warn:  Dropping unmatched character '' (U+f444) in '}} <usage> '
polybar|warn:  Dropping unmatched character '' (U+f444) in '}} <usage> '
polybar|error: Parser error (reason: Invalid color: '${env:MONITOR_COLOR_ACC' (Context: '%{F${env:MONITOR_COLOR_ACC'))
polybar|error: Parser error (reason: Invalid color: '${env:MONITOR_COLOR_ACC' (Context: '%{F${env:MONITOR_COLOR_ACC'))
polybar|error: Parser error (reason: Invalid color: '${env:MONITOR_COLOR_ACC' (Context: '%{F${env:MONITOR_COLOR_ACC'))
polybar|warn:  Dropping unmatched character '' (U+f538) in '}} <used_mem> '
polybar|warn:  Dropping unmatched character '' (U+f538) in '}} <used_mem> '
polybar|warn:  Dropping unmatched character '' (U+f538) in '}} <used_mem> '
polybar|warn:  Dropping unmatched character '' (U+e266) in '}} <used_mem> '
polybar|warn:  Dropping unmatched character '' (U+e266) in '}} <used_mem> '
polybar|warn:  Dropping unmatched character '' (U+e266) in '}} <used_mem> '
polybar|error: Parser error (reason: Invalid color: '${env:MONITOR_COLOR_HI' (Context: '%{F${env:MONITOR_COLOR_HI'))
polybar|error: Parser error (reason: Invalid color: '${env:MONITOR_COLOR_HI' (Context: '%{F${env:MONITOR_COLOR_HI'))
polybar|error: Parser error (reason: Invalid color: '${env:MONITOR_COLOR_HI' (Context: '%{F${env:MONITOR_COLOR_HI'))
polybar|error: Parser error (reason: Invalid color: '${env:MONITOR_COLOR_ACC' (Context: '%{F${env:MONITOR_COLOR_ACC'))
polybar|error: Parser error (reason: Invalid color: '${env:MONITOR_COLOR_ACC' (Context: '%{F${env:MONITOR_COLOR_ACC'))
polybar|warn:  Dropping unmatched character '' (U+e0b3) in '}} 2025-08-01  09:49:25 '
polybar|error: Parser error (reason: Invalid color: '${env:MONITOR_COLOR_ACC' (Context: '%{F${env:MONITOR_COLOR_ACC'))
polybar|error: Parser error (reason: Invalid color: '${env:MONITOR_COLOR_ACC' (Context: '%{F${env:MONITOR_COLOR_ACC'))
polybar|warn:  Dropping unmatched character '' (U+e0b3) in '}} 2025-08-01  09:49:25 '
polybar|warn:  Dropping unmatched character '' (U+f444) in '}} <usage> '
polybar|warn:  Dropping unmatched character '' (U+e0b3) in '}} 2025-08-01  09:49:25 '
polybar|error: Parser error (reason: Invalid color: '${env:MONITOR_COLOR_ACC' (Context: '%{F${env:MONITOR_COLOR_ACC'))
polybar|warn:  Dropping unmatched character '' (U+f538) in '}} <used_mem> '
polybar|error: Parser error (reason: Invalid color: '${env:MONITOR_COLOR_ACC' (Context: '%{F${env:MONITOR_COLOR_ACC'))
polybar|error: Parser error (reason: Invalid color: '${env:MONITOR_COLOR_ACC' (Context: '%{F${env:MONITOR_COLOR_ACC'))
polybar|warn:  Dropping unmatched character '' (U+e266) in '}} <used_mem> '
polybar|warn:  Dropping unmatched character '' (U+f444) in '}} <usage> '
polybar|warn:  Dropping unmatched character '' (U+f444) in '}} <usage> '
polybar|error: Parser error (reason: Invalid color: '${env:MONITOR_COLOR_ACC' (Context: '%{F${env:MONITOR_COLOR_ACC'))
polybar|error: Parser error (reason: Invalid color: '${env:MONITOR_COLOR_ACC' (Context: '%{F${env:MONITOR_COLOR_ACC'))
polybar|warn:  Dropping unmatched character '' (U+f538) in '}} <used_mem> '
polybar|warn:  Dropping unmatched character '' (U+f538) in '}} <used_mem> '
polybar|warn:  Dropping unmatched character '' (U+e266) in '}} <used_mem> '
polybar|warn:  Dropping unmatched character '' (U+e266) in '}} <used_mem> '
polybar|error: Parser error (reason: Invalid color: '${env:MONITOR_COLOR_HI' (Context: '%{F${env:MONITOR_COLOR_HI'))
polybar|error: Parser error (reason: Invalid color: '${env:MONITOR_COLOR_HI' (Context: '%{F${env:MONITOR_COLOR_HI'))
polybar|error: Parser error (reason: Invalid color: '${env:MONITOR_COLOR_HI' (Context: '%{F${env:MONITOR_COLOR_HI'))
polybar|error: Parser error (reason: Invalid color: '${env:MONITOR_COLOR_ACC' (Context: '%{F${env:MONITOR_COLOR_ACC'))
polybar|error: Parser error (reason: Invalid color: '${env:MONITOR_COLOR_ACC' (Context: '%{F${env:MONITOR_COLOR_ACC'))
polybar|error: Parser error (reason: Invalid color: '${env:MONITOR_COLOR_ACC' (Context: '%{F${env:MONITOR_COLOR_ACC'))
polybar|warn:  Dropping unmatched character '' (U+e0b3) in '}} 2025-08-01  09:49:30 '
polybar|warn:  Dropping unmatched character '' (U+e0b3) in '}} 2025-08-01  09:49:30 '
polybar|warn:  Dropping unmatched character '' (U+e0b3) in '}} 2025-08-01  09:49:30 '
polybar|error: Parser error (reason: Invalid color: '${env:MONITOR_COLOR_ACC' (Context: '%{F${env:MONITOR_COLOR_ACC'))
polybar|error: Parser error (reason: Invalid color: '${env:MONITOR_COLOR_ACC' (Context: '%{F${env:MONITOR_COLOR_ACC'))
polybar|error: Parser error (reason: Invalid color: '${env:MONITOR_COLOR_ACC' (Context: '%{F${env:MONITOR_COLOR_ACC'))
polybar|warn:  Dropping unmatched character '' (U+f444) in '}} <usage> '
polybar|warn:  Dropping unmatched character '' (U+f444) in '}} <usage> '
polybar|error: Parser error (reason: Invalid color: '${env:MONITOR_COLOR_ACC' (Context: '%{F${env:MONITOR_COLOR_ACC'))
polybar|warn:  Dropping unmatched character '' (U+f444) in '}} <usage> '
polybar|error: Parser error (reason: Invalid color: '${env:MONITOR_COLOR_ACC' (Context: '%{F${env:MONITOR_COLOR_ACC'))
polybar|warn:  Dropping unmatched character '' (U+f538) in '}} <used_mem> '
polybar|warn:  Dropping unmatched character '' (U+f538) in '}} <used_mem> '
polybar|error: Parser error (reason: Invalid color: '${env:MONITOR_COLOR_ACC' (Context: '%{F${env:MONITOR_COLOR_ACC'))
polybar|warn:  Dropping unmatched character '' (U+e266) in '}} <used_mem> '
polybar|warn:  Dropping unmatched character '' (U+e266) in '}} <used_mem> '
polybar|warn:  Dropping unmatched character '' (U+f538) in '}} <used_mem> '
polybar|warn:  Dropping unmatched character '' (U+e266) in '}} <used_mem> '
polybar|error: Parser error (reason: Invalid color: '${env:MONITOR_COLOR_HI' (Context: '%{F${env:MONITOR_COLOR_HI'))
polybar|error: Parser error (reason: Invalid color: '${env:MONITOR_COLOR_HI' (Context: '%{F${env:MONITOR_COLOR_HI'))
polybar|error: Parser error (reason: Invalid color: '${env:MONITOR_COLOR_HI' (Context: '%{F${env:MONITOR_COLOR_HI'))
polybar|error: Parser error (reason: Invalid color: '${env:MONITOR_COLOR_ACC' (Context: '%{F${env:MONITOR_COLOR_ACC'))
polybar|error: Parser error (reason: Invalid color: '${env:MONITOR_COLOR_ACC' (Context: '%{F${env:MONITOR_COLOR_ACC'))
polybar|error: Parser error (reason: Invalid color: '${env:MONITOR_COLOR_ACC' (Context: '%{F${env:MONITOR_COLOR_ACC'))
polybar|warn:  Dropping unmatched character '' (U+e0b3) in '}} 2025-08-01  09:49:35 '
polybar|warn:  Dropping unmatched character '' (U+e0b3) in '}} 2025-08-01  09:49:35 '
polybar|warn:  Dropping unmatched character '' (U+e0b3) in '}} 2025-08-01  09:49:35 '
polybar|error: Parser error (reason: Invalid color: '${env:MONITOR_COLOR_ACC' (Context: '%{F${env:MONITOR_COLOR_ACC'))
polybar|error: Parser error (reason: Invalid color: '${env:MONITOR_COLOR_ACC' (Context: '%{F${env:MONITOR_COLOR_ACC'))
polybar|error: Parser error (reason: Invalid color: '${env:MONITOR_COLOR_ACC' (Context: '%{F${env:MONITOR_COLOR_ACC'))
polybar|warn:  Dropping unmatched character '' (U+f444) in '}} <usage> '
polybar|error: Parser error (reason: Invalid color: '${env:MONITOR_COLOR_ACC' (Context: '%{F${env:MONITOR_COLOR_ACC'))
polybar|warn:  Dropping unmatched character '' (U+f444) in '}} <usage> '
polybar|warn:  Dropping unmatched character '' (U+f444) in '}} <usage> '
polybar|warn:  Dropping unmatched character '' (U+f538) in '}} <used_mem> '
polybar|error: Parser error (reason: Invalid color: '${env:MONITOR_COLOR_ACC' (Context: '%{F${env:MONITOR_COLOR_ACC'))
polybar|error: Parser error (reason: Invalid color: '${env:MONITOR_COLOR_ACC' (Context: '%{F${env:MONITOR_COLOR_ACC'))
polybar|warn:  Dropping unmatched character '' (U+e266) in '}} <used_mem> '
polybar|warn:  Dropping unmatched character '' (U+f538) in '}} <used_mem> '
polybar|warn:  Dropping unmatched character '' (U+f538) in '}} <used_mem> '
polybar|warn:  Dropping unmatched character '' (U+e266) in '}} <used_mem> '
polybar|warn:  Dropping unmatched character '' (U+e266) in '}} <used_mem> '
polybar|error: Parser error (reason: Invalid color: '${env:MONITOR_COLOR_HI' (Context: '%{F${env:MONITOR_COLOR_HI'))
polybar|error: Parser error (reason: Invalid color: '${env:MONITOR_COLOR_HI' (Context: '%{F${env:MONITOR_COLOR_HI'))
polybar|error: Parser error (reason: Invalid color: '${env:MONITOR_COLOR_HI' (Context: '%{F${env:MONITOR_COLOR_HI'))
polybar|error: Parser error (reason: Invalid color: '${env:MONITOR_COLOR_ACC' (Context: '%{F${env:MONITOR_COLOR_ACC'))
polybar|error: Parser error (reason: Invalid color: '${env:MONITOR_COLOR_ACC' (Context: '%{F${env:MONITOR_COLOR_ACC'))
polybar|warn:  Dropping unmatched character '' (U+e0b3) in '}} 2025-08-01  09:49:40 '
polybar|warn:  Dropping unmatched character '' (U+e0b3) in '}} 2025-08-01  09:49:40 '
polybar|error: Parser error (reason: Invalid color: '${env:MONITOR_COLOR_ACC' (Context: '%{F${env:MONITOR_COLOR_ACC'))
polybar|warn:  Dropping unmatched character '' (U+f444) in '}} <usage> '
polybar|error: Parser error (reason: Invalid color: '${env:MONITOR_COLOR_ACC' (Context: '%{F${env:MONITOR_COLOR_ACC'))
polybar|error: Parser error (reason: Invalid color: '${env:MONITOR_COLOR_ACC' (Context: '%{F${env:MONITOR_COLOR_ACC'))
polybar|warn:  Dropping unmatched character '' (U+f538) in '}} <used_mem> '
polybar|warn:  Dropping unmatched character '' (U+f444) in '}} <usage> '
polybar|warn:  Dropping unmatched character '' (U+e266) in '}} <used_mem> '
polybar|error: Parser error (reason: Invalid color: '${env:MONITOR_COLOR_ACC' (Context: '%{F${env:MONITOR_COLOR_ACC'))
polybar|warn:  Dropping unmatched character '' (U+f538) in '}} <used_mem> '
polybar|error: Parser error (reason: Invalid color: '${env:MONITOR_COLOR_ACC' (Context: '%{F${env:MONITOR_COLOR_ACC'))
polybar|warn:  Dropping unmatched character '' (U+e266) in '}} <used_mem> '
polybar|warn:  Dropping unmatched character '' (U+e0b3) in '}} 2025-08-01  09:49:40 '
polybar|error: Parser error (reason: Invalid color: '${env:MONITOR_COLOR_ACC' (Context: '%{F${env:MONITOR_COLOR_ACC'))
polybar|warn:  Dropping unmatched character '' (U+f444) in '}} <usage> '
polybar|error: Parser error (reason: Invalid color: '${env:MONITOR_COLOR_ACC' (Context: '%{F${env:MONITOR_COLOR_ACC'))
polybar|warn:  Dropping unmatched character '' (U+f538) in '}} <used_mem> '
polybar|warn:  Dropping unmatched character '' (U+e266) in '}} <used_mem> '
polybar|error: Parser error (reason: Invalid color: '${env:MONITOR_COLOR_HI' (Context: '%{F${env:MONITOR_COLOR_HI'))
polybar|error: Parser error (reason: Invalid color: '${env:MONITOR_COLOR_ACC' (Context: '%{F${env:MONITOR_COLOR_ACC'))
polybar|warn:  Dropping unmatched character '' (U+e0b3) in '}} 2025-08-01  09:49:40 '
polybar|error: Parser error (reason: Invalid color: '${env:MONITOR_COLOR_ACC' (Context: '%{F${env:MONITOR_COLOR_ACC'))
polybar|error: Parser error (reason: Invalid color: '${env:MONITOR_COLOR_HI' (Context: '%{F${env:MONITOR_COLOR_HI'))
polybar|warn:  Dropping unmatched character '' (U+f444) in '}} <usage> '
polybar|error: Parser error (reason: Invalid color: '${env:MONITOR_COLOR_ACC' (Context: '%{F${env:MONITOR_COLOR_ACC'))
polybar|warn:  Dropping unmatched character '' (U+f538) in '}} <used_mem> '
polybar|warn:  Dropping unmatched character '' (U+e266) in '}} <used_mem> '
polybar|error: Parser error (reason: Invalid color: '${env:MONITOR_COLOR_ACC' (Context: '%{F${env:MONITOR_COLOR_ACC'))
polybar|warn:  Dropping unmatched character '' (U+e0b3) in '}} 2025-08-01  09:49:40 '
polybar|error: Parser error (reason: Invalid color: '${env:MONITOR_COLOR_ACC' (Context: '%{F${env:MONITOR_COLOR_ACC'))
polybar|error: Parser error (reason: Invalid color: '${env:MONITOR_COLOR_HI' (Context: '%{F${env:MONITOR_COLOR_HI'))
polybar|warn:  Dropping unmatched character '' (U+f444) in '}} <usage> '
polybar|error: Parser error (reason: Invalid color: '${env:MONITOR_COLOR_ACC' (Context: '%{F${env:MONITOR_COLOR_ACC'))
polybar|warn:  Dropping unmatched character '' (U+f538) in '}} <used_mem> '
polybar|warn:  Dropping unmatched character '' (U+e266) in '}} <used_mem> '
polybar|error: Parser error (reason: Invalid color: '${env:MONITOR_COLOR_ACC' (Context: '%{F${env:MONITOR_COLOR_ACC'))
polybar|warn:  Dropping unmatched character '' (U+e0b3) in '}} 2025-08-01  09:49:40 '
polybar|error: Parser error (reason: Invalid color: '${env:MONITOR_COLOR_ACC' (Context: '%{F${env:MONITOR_COLOR_ACC'))
polybar|warn:  Dropping unmatched character '' (U+f444) in '}} <usage> '
polybar|error: Parser error (reason: Invalid color: '${env:MONITOR_COLOR_ACC' (Context: '%{F${env:MONITOR_COLOR_ACC'))
polybar|warn:  Dropping unmatched character '' (U+f538) in '}} <used_mem> '
polybar|warn:  Dropping unmatched character '' (U+e266) in '}} <used_mem> '
polybar|error: Parser error (reason: Invalid color: '${env:MONITOR_COLOR_HI' (Context: '%{F${env:MONITOR_COLOR_HI'))
polybar|error: Parser error (reason: Invalid color: '${env:MONITOR_COLOR_HI' (Context: '%{F${env:MONITOR_COLOR_HI'))
polybar|error: Parser error (reason: Invalid color: '${env:MONITOR_COLOR_HI' (Context: '%{F${env:MONITOR_COLOR_HI'))
polybar|error: Parser error (reason: Invalid color: '${env:MONITOR_COLOR_ACC' (Context: '%{F${env:MONITOR_COLOR_ACC'))
polybar|error: Parser error (reason: Invalid color: '${env:MONITOR_COLOR_ACC' (Context: '%{F${env:MONITOR_COLOR_ACC'))
polybar|warn:  Dropping unmatched character '' (U+e0b3) in '}} 2025-08-01  09:49:45 '
polybar|error: Parser error (reason: Invalid color: '${env:MONITOR_COLOR_ACC' (Context: '%{F${env:MONITOR_COLOR_ACC'))
polybar|error: Parser error (reason: Invalid color: '${env:MONITOR_COLOR_ACC' (Context: '%{F${env:MONITOR_COLOR_ACC'))
polybar|warn:  Dropping unmatched character '' (U+e0b3) in '}} 2025-08-01  09:49:45 '
polybar|warn:  Dropping unmatched character '' (U+e0b3) in '}} 2025-08-01  09:49:45 '
polybar|warn:  Dropping unmatched character '' (U+f444) in '}} <usage> '
polybar|error: Parser error (reason: Invalid color: '${env:MONITOR_COLOR_ACC' (Context: '%{F${env:MONITOR_COLOR_ACC'))
polybar|error: Parser error (reason: Invalid color: '${env:MONITOR_COLOR_ACC' (Context: '%{F${env:MONITOR_COLOR_ACC'))
polybar|warn:  Dropping unmatched character '' (U+f538) in '}} <used_mem> '
polybar|warn:  Dropping unmatched character '' (U+f444) in '}} <usage> '
polybar|warn:  Dropping unmatched character '' (U+e266) in '}} <used_mem> '
polybar|error: Parser error (reason: Invalid color: '${env:MONITOR_COLOR_ACC' (Context: '%{F${env:MONITOR_COLOR_ACC'))
polybar|error: Parser error (reason: Invalid color: '${env:MONITOR_COLOR_ACC' (Context: '%{F${env:MONITOR_COLOR_ACC'))
polybar|warn:  Dropping unmatched character '' (U+f538) in '}} <used_mem> '
polybar|warn:  Dropping unmatched character '' (U+f444) in '}} <usage> '
polybar|warn:  Dropping unmatched character '' (U+e266) in '}} <used_mem> '
polybar|error: Parser error (reason: Invalid color: '${env:MONITOR_COLOR_ACC' (Context: '%{F${env:MONITOR_COLOR_ACC'))
polybar|warn:  Dropping unmatched character '' (U+f538) in '}} <used_mem> '
polybar|warn:  Dropping unmatched character '' (U+e266) in '}} <used_mem> '
polybar|error: Parser error (reason: Invalid color: '${env:MONITOR_COLOR_HI' (Context: '%{F${env:MONITOR_COLOR_HI'))
polybar|error: Parser error (reason: Invalid color: '${env:MONITOR_COLOR_HI' (Context: '%{F${env:MONITOR_COLOR_HI'))
polybar|error: Parser error (reason: Invalid color: '${env:MONITOR_COLOR_ACC' (Context: '%{F${env:MONITOR_COLOR_ACC'))
polybar|error: Parser error (reason: Invalid color: '${env:MONITOR_COLOR_ACC' (Context: '%{F${env:MONITOR_COLOR_ACC'))
polybar|warn:  Dropping unmatched character '' (U+e0b3) in '}} 2025-08-01  09:49:50 '
polybar|warn:  Dropping unmatched character '' (U+e0b3) in '}} 2025-08-01  09:49:50 '
polybar|error: Parser error (reason: Invalid color: '${env:MONITOR_COLOR_HI' (Context: '%{F${env:MONITOR_COLOR_HI'))
polybar|error: Parser error (reason: Invalid color: '${env:MONITOR_COLOR_ACC' (Context: '%{F${env:MONITOR_COLOR_ACC'))
polybar|error: Parser error (reason: Invalid color: '${env:MONITOR_COLOR_ACC' (Context: '%{F${env:MONITOR_COLOR_ACC'))
polybar|warn:  Dropping unmatched character '' (U+f444) in '}} <usage> '
polybar|warn:  Dropping unmatched character '' (U+f444) in '}} <usage> '
polybar|error: Parser error (reason: Invalid color: '${env:MONITOR_COLOR_ACC' (Context: '%{F${env:MONITOR_COLOR_ACC'))
polybar|warn:  Dropping unmatched character '' (U+f538) in '}} <used_mem> '
polybar|error: Parser error (reason: Invalid color: '${env:MONITOR_COLOR_ACC' (Context: '%{F${env:MONITOR_COLOR_ACC'))
polybar|error: Parser error (reason: Invalid color: '${env:MONITOR_COLOR_ACC' (Context: '%{F${env:MONITOR_COLOR_ACC'))
polybar|warn:  Dropping unmatched character '' (U+f538) in '}} <used_mem> '
polybar|warn:  Dropping unmatched character '' (U+e266) in '}} <used_mem> '
polybar|warn:  Dropping unmatched character '' (U+e266) in '}} <used_mem> '
polybar|warn:  Dropping unmatched character '' (U+e0b3) in '}} 2025-08-01  09:49:50 '
polybar|error: Parser error (reason: Invalid color: '${env:MONITOR_COLOR_ACC' (Context: '%{F${env:MONITOR_COLOR_ACC'))
polybar|warn:  Dropping unmatched character '' (U+f444) in '}} <usage> '
polybar|error: Parser error (reason: Invalid color: '${env:MONITOR_COLOR_ACC' (Context: '%{F${env:MONITOR_COLOR_ACC'))
polybar|warn:  Dropping unmatched character '' (U+f538) in '}} <used_mem> '
polybar|warn:  Dropping unmatched character '' (U+e266) in '}} <used_mem> '
polybar|error: Parser error (reason: Invalid color: '${env:MONITOR_COLOR_HI' (Context: '%{F${env:MONITOR_COLOR_HI'))
polybar|error: Parser error (reason: Invalid color: '${env:MONITOR_COLOR_ACC' (Context: '%{F${env:MONITOR_COLOR_ACC'))
polybar|error: Parser error (reason: Invalid color: '${env:MONITOR_COLOR_HI' (Context: '%{F${env:MONITOR_COLOR_HI'))
polybar|warn:  Dropping unmatched character '' (U+e0b3) in '}} 2025-08-01  09:49:50 '
polybar|error: Parser error (reason: Invalid color: '${env:MONITOR_COLOR_ACC' (Context: '%{F${env:MONITOR_COLOR_ACC'))
polybar|warn:  Dropping unmatched character '' (U+f444) in '}} <usage> '
polybar|error: Parser error (reason: Invalid color: '${env:MONITOR_COLOR_ACC' (Context: '%{F${env:MONITOR_COLOR_ACC'))
polybar|error: Parser error (reason: Invalid color: '${env:MONITOR_COLOR_ACC' (Context: '%{F${env:MONITOR_COLOR_ACC'))
polybar|warn:  Dropping unmatched character '' (U+f538) in '}} <used_mem> '
polybar|warn:  Dropping unmatched character '' (U+e266) in '}} <used_mem> '
polybar|warn:  Dropping unmatched character '' (U+e0b3) in '}} 2025-08-01  09:49:50 '
polybar|error: Parser error (reason: Invalid color: '${env:MONITOR_COLOR_ACC' (Context: '%{F${env:MONITOR_COLOR_ACC'))
polybar|warn:  Dropping unmatched character '' (U+f444) in '}} <usage> '
polybar|error: Parser error (reason: Invalid color: '${env:MONITOR_COLOR_ACC' (Context: '%{F${env:MONITOR_COLOR_ACC'))
polybar|warn:  Dropping unmatched character '' (U+f538) in '}} <used_mem> '
polybar|warn:  Dropping unmatched character '' (U+e266) in '}} <used_mem> '
polybar|error: Parser error (reason: Invalid color: '${env:MONITOR_COLOR_HI' (Context: '%{F${env:MONITOR_COLOR_HI'))
polybar|error: Parser error (reason: Invalid color: '${env:MONITOR_COLOR_ACC' (Context: '%{F${env:MONITOR_COLOR_ACC'))
polybar|warn:  Dropping unmatched character '' (U+e0b3) in '}} 2025-08-01  09:49:50 '
polybar|error: Parser error (reason: Invalid color: '${env:MONITOR_COLOR_ACC' (Context: '%{F${env:MONITOR_COLOR_ACC'))
polybar|warn:  Dropping unmatched character '' (U+f444) in '}} <usage> '
polybar|error: Parser error (reason: Invalid color: '${env:MONITOR_COLOR_ACC' (Context: '%{F${env:MONITOR_COLOR_ACC'))
polybar|warn:  Dropping unmatched character '' (U+f538) in '}} <used_mem> '
polybar|warn:  Dropping unmatched character '' (U+e266) in '}} <used_mem> '
polybar|error: Parser error (reason: Invalid color: '${env:MONITOR_COLOR_HI' (Context: '%{F${env:MONITOR_COLOR_HI'))
polybar|error: Parser error (reason: Invalid color: '${env:MONITOR_COLOR_HI' (Context: '%{F${env:MONITOR_COLOR_HI'))
polybar|error: Parser error (reason: Invalid color: '${env:MONITOR_COLOR_HI' (Context: '%{F${env:MONITOR_COLOR_HI'))
polybar|error: Parser error (reason: Invalid color: '${env:MONITOR_COLOR_ACC' (Context: '%{F${env:MONITOR_COLOR_ACC'))
polybar|error: Parser error (reason: Invalid color: '${env:MONITOR_COLOR_ACC' (Context: '%{F${env:MONITOR_COLOR_ACC'))
polybar|warn:  Dropping unmatched character '' (U+e0b3) in '}} 2025-08-01  09:49:55 '
polybar|warn:  Dropping unmatched character '' (U+e0b3) in '}} 2025-08-01  09:49:55 '
polybar|error: Parser error (reason: Invalid color: '${env:MONITOR_COLOR_ACC' (Context: '%{F${env:MONITOR_COLOR_ACC'))
polybar|error: Parser error (reason: Invalid color: '${env:MONITOR_COLOR_ACC' (Context: '%{F${env:MONITOR_COLOR_ACC'))
polybar|error: Parser error (reason: Invalid color: '${env:MONITOR_COLOR_ACC' (Context: '%{F${env:MONITOR_COLOR_ACC'))
polybar|warn:  Dropping unmatched character '' (U+e0b3) in '}} 2025-08-01  09:49:55 '
polybar|warn:  Dropping unmatched character '' (U+f444) in '}} <usage> '
polybar|warn:  Dropping unmatched character '' (U+f444) in '}} <usage> '
polybar|error: Parser error (reason: Invalid color: '${env:MONITOR_COLOR_ACC' (Context: '%{F${env:MONITOR_COLOR_ACC'))
polybar|error: Parser error (reason: Invalid color: '${env:MONITOR_COLOR_ACC' (Context: '%{F${env:MONITOR_COLOR_ACC'))
polybar|error: Parser error (reason: Invalid color: '${env:MONITOR_COLOR_ACC' (Context: '%{F${env:MONITOR_COLOR_ACC'))
polybar|warn:  Dropping unmatched character '' (U+f538) in '}} <used_mem> '
polybar|warn:  Dropping unmatched character '' (U+f538) in '}} <used_mem> '
polybar|warn:  Dropping unmatched character '' (U+e266) in '}} <used_mem> '
polybar|warn:  Dropping unmatched character '' (U+e266) in '}} <used_mem> '
polybar|warn:  Dropping unmatched character '' (U+f444) in '}} <usage> '
polybar|error: Parser error (reason: Invalid color: '${env:MONITOR_COLOR_ACC' (Context: '%{F${env:MONITOR_COLOR_ACC'))
polybar|warn:  Dropping unmatched character '' (U+f538) in '}} <used_mem> '
polybar|warn:  Dropping unmatched character '' (U+e266) in '}} <used_mem> '
polybar|error: Parser error (reason: Invalid color: '${env:MONITOR_COLOR_HI' (Context: '%{F${env:MONITOR_COLOR_HI'))
polybar|error: Parser error (reason: Invalid color: '${env:MONITOR_COLOR_HI' (Context: '%{F${env:MONITOR_COLOR_HI'))
polybar|error: Parser error (reason: Invalid color: '${env:MONITOR_COLOR_HI' (Context: '%{F${env:MONITOR_COLOR_HI'))
polybar|error: Parser error (reason: Invalid color: '${env:MONITOR_COLOR_ACC' (Context: '%{F${env:MONITOR_COLOR_ACC'))
polybar|error: Parser error (reason: Invalid color: '${env:MONITOR_COLOR_ACC' (Context: '%{F${env:MONITOR_COLOR_ACC'))
polybar|error: Parser error (reason: Invalid color: '${env:MONITOR_COLOR_ACC' (Context: '%{F${env:MONITOR_COLOR_ACC'))
polybar|warn:  Dropping unmatched character '' (U+e0b3) in '}} 2025-08-01  09:50:00 '
polybar|warn:  Dropping unmatched character '' (U+e0b3) in '}} 2025-08-01  09:50:00 '
polybar|warn:  Dropping unmatched character '' (U+e0b3) in '}} 2025-08-01  09:50:00 '
polybar|error: Parser error (reason: Invalid color: '${env:MONITOR_COLOR_ACC' (Context: '%{F${env:MONITOR_COLOR_ACC'))
polybar|error: Parser error (reason: Invalid color: '${env:MONITOR_COLOR_ACC' (Context: '%{F${env:MONITOR_COLOR_ACC'))
polybar|error: Parser error (reason: Invalid color: '${env:MONITOR_COLOR_ACC' (Context: '%{F${env:MONITOR_COLOR_ACC'))
polybar|warn:  Dropping unmatched character '' (U+f444) in '}} <usage> '
polybar|warn:  Dropping unmatched character '' (U+f444) in '}} <usage> '
polybar|warn:  Dropping unmatched character '' (U+f444) in '}} <usage> '
polybar|error: Parser error (reason: Invalid color: '${env:MONITOR_COLOR_ACC' (Context: '%{F${env:MONITOR_COLOR_ACC'))
polybar|warn:  Dropping unmatched character '' (U+f538) in '}} <used_mem> '
polybar|warn:  Dropping unmatched character '' (U+e266) in '}} <used_mem> '
polybar|error: Parser error (reason: Invalid color: '${env:MONITOR_COLOR_ACC' (Context: '%{F${env:MONITOR_COLOR_ACC'))
polybar|error: Parser error (reason: Invalid color: '${env:MONITOR_COLOR_ACC' (Context: '%{F${env:MONITOR_COLOR_ACC'))
polybar|warn:  Dropping unmatched character '' (U+f538) in '}} <used_mem> '
polybar|warn:  Dropping unmatched character '' (U+f538) in '}} <used_mem> '
polybar|warn:  Dropping unmatched character '' (U+e266) in '}} <used_mem> '
polybar|warn:  Dropping unmatched character '' (U+e266) in '}} <used_mem> '
polybar|error: Parser error (reason: Invalid color: '${env:MONITOR_COLOR_HI' (Context: '%{F${env:MONITOR_COLOR_HI'))
polybar|error: Parser error (reason: Invalid color: '${env:MONITOR_COLOR_HI' (Context: '%{F${env:MONITOR_COLOR_HI'))
polybar|error: Parser error (reason: Invalid color: '${env:MONITOR_COLOR_HI' (Context: '%{F${env:MONITOR_COLOR_HI'))
polybar|error: Parser error (reason: Invalid color: '${env:MONITOR_COLOR_ACC' (Context: '%{F${env:MONITOR_COLOR_ACC'))
polybar|error: Parser error (reason: Invalid color: '${env:MONITOR_COLOR_ACC' (Context: '%{F${env:MONITOR_COLOR_ACC'))
polybar|error: Parser error (reason: Invalid color: '${env:MONITOR_COLOR_ACC' (Context: '%{F${env:MONITOR_COLOR_ACC'))
polybar|warn:  Dropping unmatched character '' (U+e0b3) in '}} 2025-08-01  09:50:00 '
polybar|warn:  Dropping unmatched character '' (U+e0b3) in '}} 2025-08-01  09:50:00 '
polybar|warn:  Dropping unmatched character '' (U+e0b3) in '}} 2025-08-01  09:50:00 '
polybar|error: Parser error (reason: Invalid color: '${env:MONITOR_COLOR_ACC' (Context: '%{F${env:MONITOR_COLOR_ACC'))
polybar|error: Parser error (reason: Invalid color: '${env:MONITOR_COLOR_ACC' (Context: '%{F${env:MONITOR_COLOR_ACC'))
polybar|warn:  Dropping unmatched character '' (U+f444) in '}} <usage> '
polybar|warn:  Dropping unmatched character '' (U+f444) in '}} <usage> '
polybar|error: Parser error (reason: Invalid color: '${env:MONITOR_COLOR_ACC' (Context: '%{F${env:MONITOR_COLOR_ACC'))
polybar|error: Parser error (reason: Invalid color: '${env:MONITOR_COLOR_ACC' (Context: '%{F${env:MONITOR_COLOR_ACC'))
polybar|error: Parser error (reason: Invalid color: '${env:MONITOR_COLOR_ACC' (Context: '%{F${env:MONITOR_COLOR_ACC'))
polybar|warn:  Dropping unmatched character '' (U+f538) in '}} <used_mem> '
polybar|warn:  Dropping unmatched character '' (U+f538) in '}} <used_mem> '
polybar|warn:  Dropping unmatched character '' (U+e266) in '}} <used_mem> '
polybar|warn:  Dropping unmatched character '' (U+e266) in '}} <used_mem> '
polybar|warn:  Dropping unmatched character '' (U+f444) in '}} <usage> '
polybar|error: Parser error (reason: Invalid color: '${env:MONITOR_COLOR_ACC' (Context: '%{F${env:MONITOR_COLOR_ACC'))
polybar|warn:  Dropping unmatched character '' (U+f538) in '}} <used_mem> '
polybar|warn:  Dropping unmatched character '' (U+e266) in '}} <used_mem> '
polybar|error: Parser error (reason: Invalid color: '${env:MONITOR_COLOR_HI' (Context: '%{F${env:MONITOR_COLOR_HI'))
polybar|error: Parser error (reason: Invalid color: '${env:MONITOR_COLOR_HI' (Context: '%{F${env:MONITOR_COLOR_HI'))
polybar|error: Parser error (reason: Invalid color: '${env:MONITOR_COLOR_HI' (Context: '%{F${env:MONITOR_COLOR_HI'))
polybar|error: Parser error (reason: Invalid color: '${env:MONITOR_COLOR_ACC' (Context: '%{F${env:MONITOR_COLOR_ACC'))
polybar|error: Parser error (reason: Invalid color: '${env:MONITOR_COLOR_ACC' (Context: '%{F${env:MONITOR_COLOR_ACC'))
polybar|warn:  Dropping unmatched character '' (U+e0b3) in '}} 2025-08-01  09:50:00 '
polybar|error: Parser error (reason: Invalid color: '${env:MONITOR_COLOR_ACC' (Context: '%{F${env:MONITOR_COLOR_ACC'))
polybar|error: Parser error (reason: Invalid color: '${env:MONITOR_COLOR_ACC' (Context: '%{F${env:MONITOR_COLOR_ACC'))
polybar|warn:  Dropping unmatched character '' (U+e0b3) in '}} 2025-08-01  09:50:00 '
polybar|warn:  Dropping unmatched character '' (U+f444) in '}} <usage> '
polybar|error: Parser error (reason: Invalid color: '${env:MONITOR_COLOR_ACC' (Context: '%{F${env:MONITOR_COLOR_ACC'))
polybar|warn:  Dropping unmatched character '' (U+e0b3) in '}} 2025-08-01  09:50:00 '
polybar|warn:  Dropping unmatched character '' (U+f538) in '}} <used_mem> '
polybar|error: Parser error (reason: Invalid color: '${env:MONITOR_COLOR_ACC' (Context: '%{F${env:MONITOR_COLOR_ACC'))
polybar|warn:  Dropping unmatched character '' (U+e266) in '}} <used_mem> '
polybar|error: Parser error (reason: Invalid color: '${env:MONITOR_COLOR_ACC' (Context: '%{F${env:MONITOR_COLOR_ACC'))
polybar|warn:  Dropping unmatched character '' (U+f444) in '}} <usage> '
polybar|error: Parser error (reason: Invalid color: '${env:MONITOR_COLOR_ACC' (Context: '%{F${env:MONITOR_COLOR_ACC'))
polybar|warn:  Dropping unmatched character '' (U+f444) in '}} <usage> '
polybar|warn:  Dropping unmatched character '' (U+f538) in '}} <used_mem> '
polybar|error: Parser error (reason: Invalid color: '${env:MONITOR_COLOR_ACC' (Context: '%{F${env:MONITOR_COLOR_ACC'))
polybar|warn:  Dropping unmatched character '' (U+e266) in '}} <used_mem> '
polybar|warn:  Dropping unmatched character '' (U+f538) in '}} <used_mem> '
polybar|warn:  Dropping unmatched character '' (U+e266) in '}} <used_mem> '
polybar|error: Parser error (reason: Invalid color: '${env:MONITOR_COLOR_HI' (Context: '%{F${env:MONITOR_COLOR_HI'))
polybar|error: Parser error (reason: Invalid color: '${env:MONITOR_COLOR_HI' (Context: '%{F${env:MONITOR_COLOR_HI'))
polybar|error: Parser error (reason: Invalid color: '${env:MONITOR_COLOR_HI' (Context: '%{F${env:MONITOR_COLOR_HI'))
polybar|error: Parser error (reason: Invalid color: '${env:MONITOR_COLOR_ACC' (Context: '%{F${env:MONITOR_COLOR_ACC'))
polybar|error: Parser error (reason: Invalid color: '${env:MONITOR_COLOR_ACC' (Context: '%{F${env:MONITOR_COLOR_ACC'))
polybar|warn:  Dropping unmatched character '' (U+e0b3) in '}} 2025-08-01  09:50:00 '
polybar|warn:  Dropping unmatched character '' (U+e0b3) in '}} 2025-08-01  09:50:00 '
polybar|error: Parser error (reason: Invalid color: '${env:MONITOR_COLOR_ACC' (Context: '%{F${env:MONITOR_COLOR_ACC'))
polybar|error: Parser error (reason: Invalid color: '${env:MONITOR_COLOR_ACC' (Context: '%{F${env:MONITOR_COLOR_ACC'))
polybar|error: Parser error (reason: Invalid color: '${env:MONITOR_COLOR_ACC' (Context: '%{F${env:MONITOR_COLOR_ACC'))
polybar|warn:  Dropping unmatched character '' (U+e0b3) in '}} 2025-08-01  09:50:00 '
polybar|warn:  Dropping unmatched character '' (U+f444) in '}} <usage> '
polybar|error: Parser error (reason: Invalid color: '${env:MONITOR_COLOR_ACC' (Context: '%{F${env:MONITOR_COLOR_ACC'))
polybar|warn:  Dropping unmatched character '' (U+f444) in '}} <usage> '
polybar|error: Parser error (reason: Invalid color: '${env:MONITOR_COLOR_ACC' (Context: '%{F${env:MONITOR_COLOR_ACC'))
polybar|warn:  Dropping unmatched character '' (U+f538) in '}} <used_mem> '
polybar|error: Parser error (reason: Invalid color: '${env:MONITOR_COLOR_ACC' (Context: '%{F${env:MONITOR_COLOR_ACC'))
polybar|warn:  Dropping unmatched character '' (U+e266) in '}} <used_mem> '
polybar|warn:  Dropping unmatched character '' (U+f538) in '}} <used_mem> '
polybar|warn:  Dropping unmatched character '' (U+f444) in '}} <usage> '
polybar|warn:  Dropping unmatched character '' (U+e266) in '}} <used_mem> '
polybar|error: Parser error (reason: Invalid color: '${env:MONITOR_COLOR_ACC' (Context: '%{F${env:MONITOR_COLOR_ACC'))
polybar|warn:  Dropping unmatched character '' (U+f538) in '}} <used_mem> '
polybar|warn:  Dropping unmatched character '' (U+e266) in '}} <used_mem> '
polybar|error: Parser error (reason: Invalid color: '${env:MONITOR_COLOR_HI' (Context: '%{F${env:MONITOR_COLOR_HI'))
polybar|error: Parser error (reason: Invalid color: '${env:MONITOR_COLOR_HI' (Context: '%{F${env:MONITOR_COLOR_HI'))
polybar|error: Parser error (reason: Invalid color: '${env:MONITOR_COLOR_ACC' (Context: '%{F${env:MONITOR_COLOR_ACC'))
polybar|error: Parser error (reason: Invalid color: '${env:MONITOR_COLOR_ACC' (Context: '%{F${env:MONITOR_COLOR_ACC'))
polybar|warn:  Dropping unmatched character '' (U+e0b3) in '}} 2025-08-01  09:50:00 '
polybar|warn:  Dropping unmatched character '' (U+e0b3) in '}} 2025-08-01  09:50:00 '
polybar|error: Parser error (reason: Invalid color: '${env:MONITOR_COLOR_ACC' (Context: '%{F${env:MONITOR_COLOR_ACC'))
polybar|error: Parser error (reason: Invalid color: '${env:MONITOR_COLOR_ACC' (Context: '%{F${env:MONITOR_COLOR_ACC'))
polybar|warn:  Dropping unmatched character '' (U+f444) in '}} <usage> '
polybar|warn:  Dropping unmatched character '' (U+f444) in '}} <usage> '
polybar|error: Parser error (reason: Invalid color: '${env:MONITOR_COLOR_ACC' (Context: '%{F${env:MONITOR_COLOR_ACC'))
polybar|error: Parser error (reason: Invalid color: '${env:MONITOR_COLOR_ACC' (Context: '%{F${env:MONITOR_COLOR_ACC'))
polybar|warn:  Dropping unmatched character '' (U+f538) in '}} <used_mem> '
polybar|warn:  Dropping unmatched character '' (U+f538) in '}} <used_mem> '
polybar|warn:  Dropping unmatched character '' (U+e266) in '}} <used_mem> '
polybar|warn:  Dropping unmatched character '' (U+e266) in '}} <used_mem> '
polybar|error: Parser error (reason: Invalid color: '${env:MONITOR_COLOR_HI' (Context: '%{F${env:MONITOR_COLOR_HI'))
polybar|error: Parser error (reason: Invalid color: '${env:MONITOR_COLOR_ACC' (Context: '%{F${env:MONITOR_COLOR_ACC'))
polybar|warn:  Dropping unmatched character '' (U+e0b3) in '}} 2025-08-01  09:50:00 '
polybar|error: Parser error (reason: Invalid color: '${env:MONITOR_COLOR_ACC' (Context: '%{F${env:MONITOR_COLOR_ACC'))
polybar|warn:  Dropping unmatched character '' (U+f444) in '}} <usage> '
polybar|error: Parser error (reason: Invalid color: '${env:MONITOR_COLOR_ACC' (Context: '%{F${env:MONITOR_COLOR_ACC'))
polybar|warn:  Dropping unmatched character '' (U+f538) in '}} <used_mem> '
polybar|warn:  Dropping unmatched character '' (U+e266) in '}} <used_mem> '
polybar|error: Parser error (reason: Invalid color: '${env:MONITOR_COLOR_HI' (Context: '%{F${env:MONITOR_COLOR_HI'))
polybar|error: Parser error (reason: Invalid color: '${env:MONITOR_COLOR_HI' (Context: '%{F${env:MONITOR_COLOR_HI'))
polybar|error: Parser error (reason: Invalid color: '${env:MONITOR_COLOR_ACC' (Context: '%{F${env:MONITOR_COLOR_ACC'))
polybar|error: Parser error (reason: Invalid color: '${env:MONITOR_COLOR_ACC' (Context: '%{F${env:MONITOR_COLOR_ACC'))
polybar|warn:  Dropping unmatched character '' (U+e0b3) in '}} 2025-08-01  09:50:05 '
polybar|warn:  Dropping unmatched character '' (U+e0b3) in '}} 2025-08-01  09:50:05 '
polybar|error: Parser error (reason: Invalid color: '${env:MONITOR_COLOR_HI' (Context: '%{F${env:MONITOR_COLOR_HI'))
polybar|error: Parser error (reason: Invalid color: '${env:MONITOR_COLOR_ACC' (Context: '%{F${env:MONITOR_COLOR_ACC'))
polybar|error: Parser error (reason: Invalid color: '${env:MONITOR_COLOR_ACC' (Context: '%{F${env:MONITOR_COLOR_ACC'))
polybar|warn:  Dropping unmatched character '' (U+f444) in '}} <usage> '
polybar|warn:  Dropping unmatched character '' (U+f444) in '}} <usage> '
polybar|error: Parser error (reason: Invalid color: '${env:MONITOR_COLOR_ACC' (Context: '%{F${env:MONITOR_COLOR_ACC'))
polybar|warn:  Dropping unmatched character '' (U+f538) in '}} <used_mem> '
polybar|error: Parser error (reason: Invalid color: '${env:MONITOR_COLOR_ACC' (Context: '%{F${env:MONITOR_COLOR_ACC'))
polybar|warn:  Dropping unmatched character '' (U+e266) in '}} <used_mem> '
polybar|warn:  Dropping unmatched character '' (U+f538) in '}} <used_mem> '
polybar|warn:  Dropping unmatched character '' (U+e266) in '}} <used_mem> '
polybar|error: Parser error (reason: Invalid color: '${env:MONITOR_COLOR_ACC' (Context: '%{F${env:MONITOR_COLOR_ACC'))
polybar|warn:  Dropping unmatched character '' (U+e0b3) in '}} 2025-08-01  09:50:05 '
polybar|error: Parser error (reason: Invalid color: '${env:MONITOR_COLOR_ACC' (Context: '%{F${env:MONITOR_COLOR_ACC'))
polybar|warn:  Dropping unmatched character '' (U+f444) in '}} <usage> '
polybar|error: Parser error (reason: Invalid color: '${env:MONITOR_COLOR_ACC' (Context: '%{F${env:MONITOR_COLOR_ACC'))
polybar|warn:  Dropping unmatched character '' (U+f538) in '}} <used_mem> '
polybar|warn:  Dropping unmatched character '' (U+e266) in '}} <used_mem> '
polybar|error: Parser error (reason: Invalid color: '${env:MONITOR_COLOR_HI' (Context: '%{F${env:MONITOR_COLOR_HI'))
polybar|error: Parser error (reason: Invalid color: '${env:MONITOR_COLOR_HI' (Context: '%{F${env:MONITOR_COLOR_HI'))
polybar|error: Parser error (reason: Invalid color: '${env:MONITOR_COLOR_HI' (Context: '%{F${env:MONITOR_COLOR_HI'))
polybar|error: Parser error (reason: Invalid color: '${env:MONITOR_COLOR_ACC' (Context: '%{F${env:MONITOR_COLOR_ACC'))
polybar|error: Parser error (reason: Invalid color: '${env:MONITOR_COLOR_ACC' (Context: '%{F${env:MONITOR_COLOR_ACC'))
polybar|error: Parser error (reason: Invalid color: '${env:MONITOR_COLOR_ACC' (Context: '%{F${env:MONITOR_COLOR_ACC'))
polybar|warn:  Dropping unmatched character '' (U+e0b3) in '}} 2025-08-01  09:50:10 '
polybar|warn:  Dropping unmatched character '' (U+e0b3) in '}} 2025-08-01  09:50:10 '
polybar|warn:  Dropping unmatched character '' (U+e0b3) in '}} 2025-08-01  09:50:10 '
polybar|error: Parser error (reason: Invalid color: '${env:MONITOR_COLOR_ACC' (Context: '%{F${env:MONITOR_COLOR_ACC'))
polybar|error: Parser error (reason: Invalid color: '${env:MONITOR_COLOR_ACC' (Context: '%{F${env:MONITOR_COLOR_ACC'))
polybar|warn:  Dropping unmatched character '' (U+f444) in '}} <usage> '
polybar|error: Parser error (reason: Invalid color: '${env:MONITOR_COLOR_ACC' (Context: '%{F${env:MONITOR_COLOR_ACC'))
polybar|warn:  Dropping unmatched character '' (U+f538) in '}} <used_mem> '
polybar|warn:  Dropping unmatched character '' (U+e266) in '}} <used_mem> '
polybar|warn:  Dropping unmatched character '' (U+f444) in '}} <usage> '
polybar|error: Parser error (reason: Invalid color: '${env:MONITOR_COLOR_ACC' (Context: '%{F${env:MONITOR_COLOR_ACC'))
polybar|warn:  Dropping unmatched character '' (U+f444) in '}} <usage> '
polybar|error: Parser error (reason: Invalid color: '${env:MONITOR_COLOR_ACC' (Context: '%{F${env:MONITOR_COLOR_ACC'))
polybar|error: Parser error (reason: Invalid color: '${env:MONITOR_COLOR_ACC' (Context: '%{F${env:MONITOR_COLOR_ACC'))
polybar|warn:  Dropping unmatched character '' (U+f538) in '}} <used_mem> '
polybar|warn:  Dropping unmatched character '' (U+f538) in '}} <used_mem> '
polybar|warn:  Dropping unmatched character '' (U+e266) in '}} <used_mem> '
polybar|warn:  Dropping unmatched character '' (U+e266) in '}} <used_mem> '
polybar|error: Parser error (reason: Invalid color: '${env:MONITOR_COLOR_HI' (Context: '%{F${env:MONITOR_COLOR_HI'))
polybar|error: Parser error (reason: Invalid color: '${env:MONITOR_COLOR_HI' (Context: '%{F${env:MONITOR_COLOR_HI'))
polybar|error: Parser error (reason: Invalid color: '${env:MONITOR_COLOR_ACC' (Context: '%{F${env:MONITOR_COLOR_ACC'))
polybar|error: Parser error (reason: Invalid color: '${env:MONITOR_COLOR_HI' (Context: '%{F${env:MONITOR_COLOR_HI'))
polybar|warn:  Dropping unmatched character '' (U+e0b3) in '}} 2025-08-01  09:50:10 '
polybar|error: Parser error (reason: Invalid color: '${env:MONITOR_COLOR_ACC' (Context: '%{F${env:MONITOR_COLOR_ACC'))
polybar|error: Parser error (reason: Invalid color: '${env:MONITOR_COLOR_ACC' (Context: '%{F${env:MONITOR_COLOR_ACC'))
polybar|error: Parser error (reason: Invalid color: '${env:MONITOR_COLOR_ACC' (Context: '%{F${env:MONITOR_COLOR_ACC'))
polybar|warn:  Dropping unmatched character '' (U+f444) in '}} <usage> '
polybar|warn:  Dropping unmatched character '' (U+e0b3) in '}} 2025-08-01  09:50:10 '
polybar|error: Parser error (reason: Invalid color: '${env:MONITOR_COLOR_ACC' (Context: '%{F${env:MONITOR_COLOR_ACC'))
polybar|warn:  Dropping unmatched character '' (U+e0b3) in '}} 2025-08-01  09:50:10 '
polybar|warn:  Dropping unmatched character '' (U+f538) in '}} <used_mem> '
polybar|warn:  Dropping unmatched character '' (U+e266) in '}} <used_mem> '
polybar|error: Parser error (reason: Invalid color: '${env:MONITOR_COLOR_ACC' (Context: '%{F${env:MONITOR_COLOR_ACC'))
polybar|error: Parser error (reason: Invalid color: '${env:MONITOR_COLOR_ACC' (Context: '%{F${env:MONITOR_COLOR_ACC'))
polybar|warn:  Dropping unmatched character '' (U+f444) in '}} <usage> '
polybar|warn:  Dropping unmatched character '' (U+f444) in '}} <usage> '
polybar|error: Parser error (reason: Invalid color: '${env:MONITOR_COLOR_ACC' (Context: '%{F${env:MONITOR_COLOR_ACC'))
polybar|warn:  Dropping unmatched character '' (U+f538) in '}} <used_mem> '
polybar|error: Parser error (reason: Invalid color: '${env:MONITOR_COLOR_ACC' (Context: '%{F${env:MONITOR_COLOR_ACC'))
polybar|warn:  Dropping unmatched character '' (U+e266) in '}} <used_mem> '
polybar|warn:  Dropping unmatched character '' (U+f538) in '}} <used_mem> '
polybar|warn:  Dropping unmatched character '' (U+e266) in '}} <used_mem> '
polybar|error: Parser error (reason: Invalid color: '${env:MONITOR_COLOR_HI' (Context: '%{F${env:MONITOR_COLOR_HI'))
polybar|error: Parser error (reason: Invalid color: '${env:MONITOR_COLOR_HI' (Context: '%{F${env:MONITOR_COLOR_HI'))
polybar|error: Parser error (reason: Invalid color: '${env:MONITOR_COLOR_HI' (Context: '%{F${env:MONITOR_COLOR_HI'))
polybar|error: Parser error (reason: Invalid color: '${env:MONITOR_COLOR_ACC' (Context: '%{F${env:MONITOR_COLOR_ACC'))
polybar|error: Parser error (reason: Invalid color: '${env:MONITOR_COLOR_ACC' (Context: '%{F${env:MONITOR_COLOR_ACC'))
polybar|error: Parser error (reason: Invalid color: '${env:MONITOR_COLOR_ACC' (Context: '%{F${env:MONITOR_COLOR_ACC'))
polybar|warn:  Dropping unmatched character '' (U+e0b3) in '}} 2025-08-01  09:50:15 '
polybar|warn:  Dropping unmatched character '' (U+e0b3) in '}} 2025-08-01  09:50:15 '
polybar|warn:  Dropping unmatched character '' (U+e0b3) in '}} 2025-08-01  09:50:15 '
polybar|error: Parser error (reason: Invalid color: '${env:MONITOR_COLOR_ACC' (Context: '%{F${env:MONITOR_COLOR_ACC'))
polybar|error: Parser error (reason: Invalid color: '${env:MONITOR_COLOR_ACC' (Context: '%{F${env:MONITOR_COLOR_ACC'))
polybar|error: Parser error (reason: Invalid color: '${env:MONITOR_COLOR_ACC' (Context: '%{F${env:MONITOR_COLOR_ACC'))
polybar|warn:  Dropping unmatched character '' (U+f444) in '}} <usage> '
polybar|warn:  Dropping unmatched character '' (U+f444) in '}} <usage> '
polybar|warn:  Dropping unmatched character '' (U+f444) in '}} <usage> '
polybar|error: Parser error (reason: Invalid color: '${env:MONITOR_COLOR_ACC' (Context: '%{F${env:MONITOR_COLOR_ACC'))
polybar|error: Parser error (reason: Invalid color: '${env:MONITOR_COLOR_ACC' (Context: '%{F${env:MONITOR_COLOR_ACC'))
polybar|warn:  Dropping unmatched character '' (U+f538) in '}} <used_mem> '
polybar|warn:  Dropping unmatched character '' (U+f538) in '}} <used_mem> '
polybar|error: Parser error (reason: Invalid color: '${env:MONITOR_COLOR_ACC' (Context: '%{F${env:MONITOR_COLOR_ACC'))
polybar|warn:  Dropping unmatched character '' (U+e266) in '}} <used_mem> '
polybar|warn:  Dropping unmatched character '' (U+e266) in '}} <used_mem> '
polybar|warn:  Dropping unmatched character '' (U+f538) in '}} <used_mem> '
polybar|warn:  Dropping unmatched character '' (U+e266) in '}} <used_mem> '
polybar|error: Parser error (reason: Invalid color: '${env:MONITOR_COLOR_HI' (Context: '%{F${env:MONITOR_COLOR_HI'))
polybar|error: Parser error (reason: Invalid color: '${env:MONITOR_COLOR_HI' (Context: '%{F${env:MONITOR_COLOR_HI'))
polybar|error: Parser error (reason: Invalid color: '${env:MONITOR_COLOR_ACC' (Context: '%{F${env:MONITOR_COLOR_ACC'))
polybar|error: Parser error (reason: Invalid color: '${env:MONITOR_COLOR_ACC' (Context: '%{F${env:MONITOR_COLOR_ACC'))
polybar|warn:  Dropping unmatched character '' (U+e0b3) in '}} 2025-08-01  09:50:15 '
polybar|error: Parser error (reason: Invalid color: '${env:MONITOR_COLOR_HI' (Context: '%{F${env:MONITOR_COLOR_HI'))
polybar|warn:  Dropping unmatched character '' (U+e0b3) in '}} 2025-08-01  09:50:15 '
polybar|error: Parser error (reason: Invalid color: '${env:MONITOR_COLOR_ACC' (Context: '%{F${env:MONITOR_COLOR_ACC'))
polybar|warn:  Dropping unmatched character '' (U+f444) in '}} <usage> '
polybar|error: Parser error (reason: Invalid color: '${env:MONITOR_COLOR_ACC' (Context: '%{F${env:MONITOR_COLOR_ACC'))
polybar|error: Parser error (reason: Invalid color: '${env:MONITOR_COLOR_ACC' (Context: '%{F${env:MONITOR_COLOR_ACC'))
polybar|warn:  Dropping unmatched character '' (U+f538) in '}} <used_mem> '
polybar|warn:  Dropping unmatched character '' (U+f444) in '}} <usage> '
polybar|warn:  Dropping unmatched character '' (U+e266) in '}} <used_mem> '
polybar|error: Parser error (reason: Invalid color: '${env:MONITOR_COLOR_ACC' (Context: '%{F${env:MONITOR_COLOR_ACC'))
polybar|error: Parser error (reason: Invalid color: '${env:MONITOR_COLOR_ACC' (Context: '%{F${env:MONITOR_COLOR_ACC'))
polybar|warn:  Dropping unmatched character '' (U+f538) in '}} <used_mem> '
polybar|warn:  Dropping unmatched character '' (U+e266) in '}} <used_mem> '
polybar|warn:  Dropping unmatched character '' (U+e0b3) in '}} 2025-08-01  09:50:15 '
polybar|error: Parser error (reason: Invalid color: '${env:MONITOR_COLOR_ACC' (Context: '%{F${env:MONITOR_COLOR_ACC'))
polybar|warn:  Dropping unmatched character '' (U+f444) in '}} <usage> '
polybar|error: Parser error (reason: Invalid color: '${env:MONITOR_COLOR_ACC' (Context: '%{F${env:MONITOR_COLOR_ACC'))
polybar|warn:  Dropping unmatched character '' (U+f538) in '}} <used_mem> '
polybar|warn:  Dropping unmatched character '' (U+e266) in '}} <used_mem> '
polybar|error: Parser error (reason: Invalid color: '${env:MONITOR_COLOR_HI' (Context: '%{F${env:MONITOR_COLOR_HI'))
polybar|error: Parser error (reason: Invalid color: '${env:MONITOR_COLOR_HI' (Context: '%{F${env:MONITOR_COLOR_HI'))
polybar|error: Parser error (reason: Invalid color: '${env:MONITOR_COLOR_ACC' (Context: '%{F${env:MONITOR_COLOR_ACC'))
polybar|error: Parser error (reason: Invalid color: '${env:MONITOR_COLOR_ACC' (Context: '%{F${env:MONITOR_COLOR_ACC'))
polybar|warn:  Dropping unmatched character '' (U+e0b3) in '}} 2025-08-01  09:50:15 '
polybar|warn:  Dropping unmatched character '' (U+e0b3) in '}} 2025-08-01  09:50:15 '
polybar|error: Parser error (reason: Invalid color: '${env:MONITOR_COLOR_ACC' (Context: '%{F${env:MONITOR_COLOR_ACC'))
polybar|warn:  Dropping unmatched character '' (U+f444) in '}} <usage> '
polybar|error: Parser error (reason: Invalid color: '${env:MONITOR_COLOR_ACC' (Context: '%{F${env:MONITOR_COLOR_ACC'))
polybar|error: Parser error (reason: Invalid color: '${env:MONITOR_COLOR_ACC' (Context: '%{F${env:MONITOR_COLOR_ACC'))
polybar|warn:  Dropping unmatched character '' (U+f538) in '}} <used_mem> '
polybar|warn:  Dropping unmatched character '' (U+e266) in '}} <used_mem> '
polybar|warn:  Dropping unmatched character '' (U+f444) in '}} <usage> '
polybar|error: Parser error (reason: Invalid color: '${env:MONITOR_COLOR_ACC' (Context: '%{F${env:MONITOR_COLOR_ACC'))
polybar|warn:  Dropping unmatched character '' (U+f538) in '}} <used_mem> '
polybar|warn:  Dropping unmatched character '' (U+e266) in '}} <used_mem> '
polybar|error: Parser error (reason: Invalid color: '${env:MONITOR_COLOR_HI' (Context: '%{F${env:MONITOR_COLOR_HI'))
polybar|error: Parser error (reason: Invalid color: '${env:MONITOR_COLOR_ACC' (Context: '%{F${env:MONITOR_COLOR_ACC'))
polybar|warn:  Dropping unmatched character '' (U+e0b3) in '}} 2025-08-01  09:50:15 '
polybar|error: Parser error (reason: Invalid color: '${env:MONITOR_COLOR_ACC' (Context: '%{F${env:MONITOR_COLOR_ACC'))
polybar|warn:  Dropping unmatched character '' (U+f444) in '}} <usage> '
polybar|error: Parser error (reason: Invalid color: '${env:MONITOR_COLOR_ACC' (Context: '%{F${env:MONITOR_COLOR_ACC'))
polybar|warn:  Dropping unmatched character '' (U+f538) in '}} <used_mem> '
polybar|warn:  Dropping unmatched character '' (U+e266) in '}} <used_mem> '
polybar|error: Parser error (reason: Invalid color: '${env:MONITOR_COLOR_HI' (Context: '%{F${env:MONITOR_COLOR_HI'))
polybar|error: Parser error (reason: Invalid color: '${env:MONITOR_COLOR_HI' (Context: '%{F${env:MONITOR_COLOR_HI'))
polybar|error: Parser error (reason: Invalid color: '${env:MONITOR_COLOR_ACC' (Context: '%{F${env:MONITOR_COLOR_ACC'))
polybar|error: Parser error (reason: Invalid color: '${env:MONITOR_COLOR_ACC' (Context: '%{F${env:MONITOR_COLOR_ACC'))
polybar|warn:  Dropping unmatched character '' (U+e0b3) in '}} 2025-08-01  09:50:20 '
polybar|warn:  Dropping unmatched character '' (U+e0b3) in '}} 2025-08-01  09:50:20 '
polybar|error: Parser error (reason: Invalid color: '${env:MONITOR_COLOR_HI' (Context: '%{F${env:MONITOR_COLOR_HI'))
polybar|error: Parser error (reason: Invalid color: '${env:MONITOR_COLOR_ACC' (Context: '%{F${env:MONITOR_COLOR_ACC'))
polybar|error: Parser error (reason: Invalid color: '${env:MONITOR_COLOR_ACC' (Context: '%{F${env:MONITOR_COLOR_ACC'))
polybar|warn:  Dropping unmatched character '' (U+f444) in '}} <usage> '
polybar|warn:  Dropping unmatched character '' (U+f444) in '}} <usage> '
polybar|error: Parser error (reason: Invalid color: '${env:MONITOR_COLOR_ACC' (Context: '%{F${env:MONITOR_COLOR_ACC'))
polybar|error: Parser error (reason: Invalid color: '${env:MONITOR_COLOR_ACC' (Context: '%{F${env:MONITOR_COLOR_ACC'))
polybar|error: Parser error (reason: Invalid color: '${env:MONITOR_COLOR_ACC' (Context: '%{F${env:MONITOR_COLOR_ACC'))
polybar|warn:  Dropping unmatched character '' (U+f538) in '}} <used_mem> '
polybar|warn:  Dropping unmatched character '' (U+f538) in '}} <used_mem> '
polybar|warn:  Dropping unmatched character '' (U+e0b3) in '}} 2025-08-01  09:50:20 '
polybar|warn:  Dropping unmatched character '' (U+e266) in '}} <used_mem> '
polybar|warn:  Dropping unmatched character '' (U+e266) in '}} <used_mem> '
polybar|error: Parser error (reason: Invalid color: '${env:MONITOR_COLOR_ACC' (Context: '%{F${env:MONITOR_COLOR_ACC'))
polybar|warn:  Dropping unmatched character '' (U+f444) in '}} <usage> '
polybar|error: Parser error (reason: Invalid color: '${env:MONITOR_COLOR_ACC' (Context: '%{F${env:MONITOR_COLOR_ACC'))
polybar|warn:  Dropping unmatched character '' (U+f538) in '}} <used_mem> '
polybar|warn:  Dropping unmatched character '' (U+e266) in '}} <used_mem> '
polybar|error: Parser error (reason: Invalid color: '${env:MONITOR_COLOR_HI' (Context: '%{F${env:MONITOR_COLOR_HI'))
polybar|error: Parser error (reason: Invalid color: '${env:MONITOR_COLOR_HI' (Context: '%{F${env:MONITOR_COLOR_HI'))
polybar|error: Parser error (reason: Invalid color: '${env:MONITOR_COLOR_HI' (Context: '%{F${env:MONITOR_COLOR_HI'))
polybar|error: Parser error (reason: Invalid color: '${env:MONITOR_COLOR_ACC' (Context: '%{F${env:MONITOR_COLOR_ACC'))
polybar|error: Parser error (reason: Invalid color: '${env:MONITOR_COLOR_ACC' (Context: '%{F${env:MONITOR_COLOR_ACC'))
polybar|error: Parser error (reason: Invalid color: '${env:MONITOR_COLOR_ACC' (Context: '%{F${env:MONITOR_COLOR_ACC'))
polybar|warn:  Dropping unmatched character '' (U+e0b3) in '}} 2025-08-01  09:50:20 '
polybar|warn:  Dropping unmatched character '' (U+e0b3) in '}} 2025-08-01  09:50:20 '
polybar|warn:  Dropping unmatched character '' (U+e0b3) in '}} 2025-08-01  09:50:20 '
polybar|error: Parser error (reason: Invalid color: '${env:MONITOR_COLOR_ACC' (Context: '%{F${env:MONITOR_COLOR_ACC'))
polybar|error: Parser error (reason: Invalid color: '${env:MONITOR_COLOR_ACC' (Context: '%{F${env:MONITOR_COLOR_ACC'))
polybar|warn:  Dropping unmatched character '' (U+f444) in '}} <usage> '
polybar|error: Parser error (reason: Invalid color: '${env:MONITOR_COLOR_ACC' (Context: '%{F${env:MONITOR_COLOR_ACC'))
polybar|error: Parser error (reason: Invalid color: '${env:MONITOR_COLOR_ACC' (Context: '%{F${env:MONITOR_COLOR_ACC'))
polybar|warn:  Dropping unmatched character '' (U+f444) in '}} <usage> '
polybar|warn:  Dropping unmatched character '' (U+f538) in '}} <used_mem> '
polybar|warn:  Dropping unmatched character '' (U+e266) in '}} <used_mem> '
polybar|error: Parser error (reason: Invalid color: '${env:MONITOR_COLOR_ACC' (Context: '%{F${env:MONITOR_COLOR_ACC'))
polybar|warn:  Dropping unmatched character '' (U+f538) in '}} <used_mem> '
polybar|warn:  Dropping unmatched character '' (U+f444) in '}} <usage> '
polybar|warn:  Dropping unmatched character '' (U+e266) in '}} <used_mem> '
polybar|error: Parser error (reason: Invalid color: '${env:MONITOR_COLOR_ACC' (Context: '%{F${env:MONITOR_COLOR_ACC'))
polybar|warn:  Dropping unmatched character '' (U+f538) in '}} <used_mem> '
polybar|warn:  Dropping unmatched character '' (U+e266) in '}} <used_mem> '
polybar|notice:  Watched config file changed config.ini
polybar|notice:  Watched config file changed config.ini
polybar|notice:  Watched config file changed config.ini
polybar|notice:  Watched config file changed config.ini
polybar|notice:  Watched config file changed config.ini
polybar|notice:  Termination signal received, shutting down...
polybar|notice:  Termination signal received, shutting down...
polybar|notice:  Termination signal received, shutting down...
polybar|warn:  module/workspaces: Attempting to reconnect socket (reason: Unexpected EOF while reading header)
polybar|warn:  module/workspaces: Attempting to reconnect socket (reason: Unexpected EOF while reading header)
polybar|warn:  module/workspaces: Attempting to reconnect socket (reason: Unexpected EOF while reading header)
polybar|notice:  Parsing config file: /home/roberto/.config/polybar/config.ini
polybar|notice:  Parsing config file: /home/roberto/.config/polybar/config.ini
polybar|notice:  Parsing config file: /home/roberto/.config/polybar/config.ini
polybar|warn:  No monitor specified, using "DP-4"
polybar|warn:  No monitor specified, using "DP-4"
polybar|warn:  No monitor specified, using "DP-4"
polybar|notice:  Loading module 'workspaces' of type 'internal/i3'
polybar|notice:  Loading module 'workspaces' of type 'internal/i3'
polybar|notice:  Loading module 'workspaces' of type 'internal/i3'
polybar|notice:  Loading module 'date' of type 'internal/date'
polybar|notice:  Loading module 'date' of type 'internal/date'
polybar|notice:  Loading module 'cpu' of type 'internal/cpu'
polybar|notice:  Loading module 'cpu' of type 'internal/cpu'
polybar|notice:  Loading module 'date' of type 'internal/date'
polybar|notice:  Loading module 'cpu' of type 'internal/cpu'
polybar|notice:  Loading module 'memory' of type 'internal/memory'
polybar|notice:  Loading module 'memory' of type 'internal/memory'
polybar|notice:  Loading module 'volume' of type 'internal/volume'
polybar|warn:  internal/volume is deprecated, use internal/alsa instead
polybar|notice:  Loading module 'volume' of type 'internal/volume'
polybar|warn:  internal/volume is deprecated, use internal/alsa instead
polybar|notice:  Loading module 'memory' of type 'internal/memory'
polybar|notice:  Loading module 'volume' of type 'internal/volume'
polybar|warn:  internal/volume is deprecated, use internal/alsa instead
polybar|error: Disabling module "volume" (reason: <ramp> is not a valid format tag for "format-volume")
polybar|error: Disabling module "volume" (reason: <ramp> is not a valid format tag for "format-volume")
polybar|error: Disabling module "volume" (reason: <ramp> is not a valid format tag for "format-volume")
polybar|notice:  Loading module 'battery' of type 'internal/battery'
polybar|notice:  Loading module 'battery' of type 'internal/battery'
polybar|notice:  Loading module 'battery' of type 'internal/battery'
polybar|notice:  Loaded 5 modules
polybar|notice:  Loaded font "pango:JetBrains Mono Nerd Font:size=10" (name=Noto Sans, offset=0, file=/usr/share/fonts/noto/NotoSans-Regular.ttf)
polybar|notice:  Loaded font "Font Awesome 5 Free:style=Solid:size=10" (name=Noto Sans, offset=1, file=/usr/share/fonts/noto/NotoSans-Regular.ttf)
polybar|warn:  Dropping unmatched character '' (U+e0b3) in '2025-08-01  09:50:22'
polybar|warn:  Dropping unmatched character '' (U+f2db) in ' <usage> '
polybar|warn:  Dropping unmatched character '' (U+f444) in ' <usage> '
polybar|warn:  Dropping unmatched character '' (U+f538) in ' <used_mem> '
polybar|warn:  Dropping unmatched character '' (U+e266) in ' <used_mem> '
polybar|error: Parser error (reason: Invalid color: '${colors.violet' (Context: '%{F${colors.violet'))
polybar|warn:  Dropping unmatched character '' (U+f192) in '}} 2 '
polybar|warn:  Dropping unmatched character '' (U+e0b3) in '2025-08-01  09:50:22'
polybar|warn:  Dropping unmatched character '' (U+f2db) in ' <usage> '
polybar|warn:  Dropping unmatched character '' (U+f444) in ' <usage> '
polybar|warn:  Dropping unmatched character '' (U+f538) in ' <used_mem> '
polybar|warn:  Dropping unmatched character '' (U+e266) in ' <used_mem> '
polybar|notice:  Loaded 5 modules
polybar|notice:  Loaded font "pango:JetBrains Mono Nerd Font:size=10" (name=Noto Sans, offset=0, file=/usr/share/fonts/noto/NotoSans-Regular.ttf)
polybar|notice:  Loaded font "Font Awesome 5 Free:style=Solid:size=10" (name=Noto Sans, offset=1, file=/usr/share/fonts/noto/NotoSans-Regular.ttf)
polybar|warn:  Dropping unmatched character '' (U+e0b3) in '2025-08-01  09:50:22'
polybar|warn:  Dropping unmatched character '' (U+f2db) in ' <usage> '
polybar|warn:  Dropping unmatched character '' (U+f444) in ' <usage> '
polybar|warn:  Dropping unmatched character '' (U+f538) in ' <used_mem> '
polybar|warn:  Dropping unmatched character '' (U+e266) in ' <used_mem> '
polybar|error: Parser error (reason: Invalid color: '${colors.violet' (Context: '%{F${colors.violet'))
polybar|warn:  Dropping unmatched character '' (U+f192) in '}} 2 '
polybar|warn:  Dropping unmatched character '' (U+e0b3) in '2025-08-01  09:50:22'
polybar|warn:  Dropping unmatched character '' (U+f2db) in ' <usage> '
polybar|warn:  Dropping unmatched character '' (U+f444) in ' <usage> '
polybar|warn:  Dropping unmatched character '' (U+f538) in ' <used_mem> '
polybar|warn:  Dropping unmatched character '' (U+e266) in ' <used_mem> '
polybar|notice:  Loaded 5 modules
polybar|notice:  Loaded font "pango:JetBrains Mono Nerd Font:size=10" (name=Noto Sans, offset=0, file=/usr/share/fonts/noto/NotoSans-Regular.ttf)
polybar|notice:  Loaded font "Font Awesome 5 Free:style=Solid:size=10" (name=Noto Sans, offset=1, file=/usr/share/fonts/noto/NotoSans-Regular.ttf)
polybar|warn:  Dropping unmatched character '' (U+e0b3) in '2025-08-01  09:50:22'
polybar|warn:  Dropping unmatched character '' (U+f2db) in ' <usage> '
polybar|warn:  Dropping unmatched character '' (U+f444) in ' <usage> '
polybar|warn:  Dropping unmatched character '' (U+f538) in ' <used_mem> '
polybar|warn:  Dropping unmatched character '' (U+e266) in ' <used_mem> '
polybar|error: Parser error (reason: Invalid color: '${colors.violet' (Context: '%{F${colors.violet'))
polybar|warn:  Dropping unmatched character '' (U+f192) in '}} 2 '
polybar|warn:  Dropping unmatched character '' (U+e0b3) in '2025-08-01  09:50:22'
polybar|warn:  Dropping unmatched character '' (U+f2db) in ' <usage> '
polybar|warn:  Dropping unmatched character '' (U+f444) in ' <usage> '
polybar|warn:  Dropping unmatched character '' (U+f538) in ' <used_mem> '
polybar|warn:  Dropping unmatched character '' (U+e266) in ' <used_mem> '
polybar|error: Parser error (reason: Invalid color: '${colors.violet' (Context: '%{F${colors.violet'))
polybar|error: Parser error (reason: Invalid color: '${colors.violet' (Context: '%{F${colors.violet'))
polybar|error: Parser error (reason: Invalid color: '${colors.violet' (Context: '%{F${colors.violet'))
polybar|warn:  Dropping unmatched character '' (U+f192) in '}} 2 '
polybar|warn:  Dropping unmatched character '' (U+f192) in '}} 2 '
polybar|warn:  Dropping unmatched character '' (U+f192) in '}} 2 '
polybar|warn:  Dropping unmatched character '' (U+e0b3) in '2025-08-01  09:50:25'
polybar|warn:  Dropping unmatched character '' (U+e0b3) in '2025-08-01  09:50:25'
polybar|warn:  Dropping unmatched character '' (U+e0b3) in '2025-08-01  09:50:25'
polybar|warn:  Dropping unmatched character '' (U+f2db) in ' <usage> '
polybar|warn:  Dropping unmatched character '' (U+f2db) in ' <usage> '
polybar|warn:  Dropping unmatched character '' (U+f444) in ' <usage> '
polybar|warn:  Dropping unmatched character '' (U+f538) in ' <used_mem> '
polybar|warn:  Dropping unmatched character '' (U+f444) in ' <usage> '
polybar|warn:  Dropping unmatched character '' (U+f2db) in ' <usage> '
polybar|warn:  Dropping unmatched character '' (U+f538) in ' <used_mem> '
polybar|warn:  Dropping unmatched character '' (U+e266) in ' <used_mem> '
polybar|warn:  Dropping unmatched character '' (U+f444) in ' <usage> '
polybar|warn:  Dropping unmatched character '' (U+e266) in ' <used_mem> '
polybar|warn:  Dropping unmatched character '' (U+f538) in ' <used_mem> '
polybar|warn:  Dropping unmatched character '' (U+e266) in ' <used_mem> '
polybar|error: Parser error (reason: Invalid color: '${colors.violet' (Context: '%{F${colors.violet'))
polybar|error: Parser error (reason: Invalid color: '${colors.violet' (Context: '%{F${colors.violet'))
polybar|warn:  Dropping unmatched character '' (U+f192) in '}} 1 '
polybar|warn:  Dropping unmatched character '' (U+f192) in '}} 1 '
polybar|warn:  Dropping unmatched character '' (U+e0b3) in '2025-08-01  09:50:25'
polybar|warn:  Dropping unmatched character '' (U+f2db) in ' <usage> '
polybar|warn:  Dropping unmatched character '' (U+e0b3) in '2025-08-01  09:50:25'
polybar|warn:  Dropping unmatched character '' (U+f444) in ' <usage> '
polybar|warn:  Dropping unmatched character '' (U+f538) in ' <used_mem> '
polybar|warn:  Dropping unmatched character '' (U+e266) in ' <used_mem> '
polybar|warn:  Dropping unmatched character '' (U+f2db) in ' <usage> '
polybar|warn:  Dropping unmatched character '' (U+f444) in ' <usage> '
polybar|warn:  Dropping unmatched character '' (U+f538) in ' <used_mem> '
polybar|warn:  Dropping unmatched character '' (U+e266) in ' <used_mem> '
polybar|error: Parser error (reason: Invalid color: '${colors.violet' (Context: '%{F${colors.violet'))
polybar|warn:  Dropping unmatched character '' (U+f192) in '}} 1 '
polybar|warn:  Dropping unmatched character '' (U+e0b3) in '2025-08-01  09:50:25'
polybar|warn:  Dropping unmatched character '' (U+f2db) in ' <usage> '
polybar|warn:  Dropping unmatched character '' (U+f444) in ' <usage> '
polybar|warn:  Dropping unmatched character '' (U+f538) in ' <used_mem> '
polybar|warn:  Dropping unmatched character '' (U+e266) in ' <used_mem> '
polybar|error: Parser error (reason: Invalid color: '${colors.violet' (Context: '%{F${colors.violet'))
polybar|error: Parser error (reason: Invalid color: '${colors.violet' (Context: '%{F${colors.violet'))
polybar|error: Parser error (reason: Invalid color: '${colors.violet' (Context: '%{F${colors.violet'))
polybar|warn:  Dropping unmatched character '' (U+f192) in '}} 1 '
polybar|warn:  Dropping unmatched character '' (U+f192) in '}} 1 '
polybar|warn:  Dropping unmatched character '' (U+f192) in '}} 1 '
polybar|warn:  Dropping unmatched character '' (U+e0b3) in '2025-08-01  09:50:30'
polybar|warn:  Dropping unmatched character '' (U+e0b3) in '2025-08-01  09:50:30'
polybar|warn:  Dropping unmatched character '' (U+f2db) in ' <usage> '
polybar|warn:  Dropping unmatched character '' (U+e0b3) in '2025-08-01  09:50:30'
polybar|warn:  Dropping unmatched character '' (U+f2db) in ' <usage> '
polybar|warn:  Dropping unmatched character '' (U+f444) in ' <usage> '
polybar|warn:  Dropping unmatched character '' (U+f444) in ' <usage> '
polybar|warn:  Dropping unmatched character '' (U+f538) in ' <used_mem> '
polybar|warn:  Dropping unmatched character '' (U+f538) in ' <used_mem> '
polybar|warn:  Dropping unmatched character '' (U+f2db) in ' <usage> '
polybar|warn:  Dropping unmatched character '' (U+e266) in ' <used_mem> '
polybar|warn:  Dropping unmatched character '' (U+e266) in ' <used_mem> '
polybar|warn:  Dropping unmatched character '' (U+f444) in ' <usage> '
polybar|warn:  Dropping unmatched character '' (U+f538) in ' <used_mem> '
polybar|warn:  Dropping unmatched character '' (U+e266) in ' <used_mem> '
polybar|error: Parser error (reason: Invalid color: '${colors.violet' (Context: '%{F${colors.violet'))
polybar|error: Parser error (reason: Invalid color: '${colors.violet' (Context: '%{F${colors.violet'))
polybar|error: Parser error (reason: Invalid color: '${colors.violet' (Context: '%{F${colors.violet'))
polybar|warn:  Dropping unmatched character '' (U+f192) in '}} 1 '
polybar|warn:  Dropping unmatched character '' (U+f192) in '}} 1 '
polybar|warn:  Dropping unmatched character '' (U+f192) in '}} 1 '
polybar|warn:  Dropping unmatched character '' (U+e0b3) in '2025-08-01  09:50:35'
polybar|warn:  Dropping unmatched character '' (U+e0b3) in '2025-08-01  09:50:35'
polybar|warn:  Dropping unmatched character '' (U+f2db) in ' <usage> '
polybar|warn:  Dropping unmatched character '' (U+e0b3) in '2025-08-01  09:50:35'
polybar|warn:  Dropping unmatched character '' (U+f444) in ' <usage> '
polybar|warn:  Dropping unmatched character '' (U+f2db) in ' <usage> '
polybar|warn:  Dropping unmatched character '' (U+f538) in ' <used_mem> '
polybar|warn:  Dropping unmatched character '' (U+f2db) in ' <usage> '
polybar|warn:  Dropping unmatched character '' (U+f444) in ' <usage> '
polybar|warn:  Dropping unmatched character '' (U+e266) in ' <used_mem> '
polybar|warn:  Dropping unmatched character '' (U+f538) in ' <used_mem> '
polybar|warn:  Dropping unmatched character '' (U+f444) in ' <usage> '
polybar|warn:  Dropping unmatched character '' (U+f538) in ' <used_mem> '
polybar|warn:  Dropping unmatched character '' (U+e266) in ' <used_mem> '
polybar|warn:  Dropping unmatched character '' (U+e266) in ' <used_mem> '
polybar|error: Parser error (reason: Invalid color: '${colors.violet' (Context: '%{F${colors.violet'))
polybar|error: Parser error (reason: Invalid color: '${colors.violet' (Context: '%{F${colors.violet'))
polybar|error: Parser error (reason: Invalid color: '${colors.violet' (Context: '%{F${colors.violet'))
polybar|warn:  Dropping unmatched character '' (U+f192) in '}} 1 '
polybar|warn:  Dropping unmatched character '' (U+f192) in '}} 1 '
polybar|warn:  Dropping unmatched character '' (U+f192) in '}} 1 '
polybar|warn:  Dropping unmatched character '' (U+e0b3) in '2025-08-01  09:50:40'
polybar|warn:  Dropping unmatched character '' (U+e0b3) in '2025-08-01  09:50:40'
polybar|warn:  Dropping unmatched character '' (U+e0b3) in '2025-08-01  09:50:40'
polybar|warn:  Dropping unmatched character '' (U+f2db) in ' <usage> '
polybar|warn:  Dropping unmatched character '' (U+f2db) in ' <usage> '
polybar|warn:  Dropping unmatched character '' (U+f444) in ' <usage> '
polybar|warn:  Dropping unmatched character '' (U+f538) in ' <used_mem> '
polybar|warn:  Dropping unmatched character '' (U+f2db) in ' <usage> '
polybar|warn:  Dropping unmatched character '' (U+f444) in ' <usage> '
polybar|warn:  Dropping unmatched character '' (U+f538) in ' <used_mem> '
polybar|warn:  Dropping unmatched character '' (U+e266) in ' <used_mem> '
polybar|warn:  Dropping unmatched character '' (U+f444) in ' <usage> '
polybar|warn:  Dropping unmatched character '' (U+f538) in ' <used_mem> '
polybar|warn:  Dropping unmatched character '' (U+e266) in ' <used_mem> '
polybar|warn:  Dropping unmatched character '' (U+e266) in ' <used_mem> '
polybar|error: Parser error (reason: Invalid color: '${colors.violet' (Context: '%{F${colors.violet'))
polybar|error: Parser error (reason: Invalid color: '${colors.violet' (Context: '%{F${colors.violet'))
polybar|error: Parser error (reason: Invalid color: '${colors.violet' (Context: '%{F${colors.violet'))
polybar|warn:  Dropping unmatched character '' (U+f192) in '}} 1 '
polybar|warn:  Dropping unmatched character '' (U+f192) in '}} 1 '
polybar|warn:  Dropping unmatched character '' (U+f192) in '}} 1 '
polybar|warn:  Dropping unmatched character '' (U+e0b3) in '2025-08-01  09:50:45'
polybar|warn:  Dropping unmatched character '' (U+e0b3) in '2025-08-01  09:50:45'
polybar|warn:  Dropping unmatched character '' (U+e0b3) in '2025-08-01  09:50:45'
polybar|warn:  Dropping unmatched character '' (U+f2db) in ' <usage> '
polybar|warn:  Dropping unmatched character '' (U+f2db) in ' <usage> '
polybar|warn:  Dropping unmatched character '' (U+f2db) in ' <usage> '
polybar|warn:  Dropping unmatched character '' (U+f444) in ' <usage> '
polybar|warn:  Dropping unmatched character '' (U+f444) in ' <usage> '
polybar|warn:  Dropping unmatched character '' (U+f538) in ' <used_mem> '
polybar|warn:  Dropping unmatched character '' (U+f444) in ' <usage> '
polybar|warn:  Dropping unmatched character '' (U+f538) in ' <used_mem> '
polybar|warn:  Dropping unmatched character '' (U+f538) in ' <used_mem> '
polybar|warn:  Dropping unmatched character '' (U+e266) in ' <used_mem> '
polybar|warn:  Dropping unmatched character '' (U+e266) in ' <used_mem> '
polybar|warn:  Dropping unmatched character '' (U+e266) in ' <used_mem> '
polybar|error: Parser error (reason: Invalid color: '${colors.violet' (Context: '%{F${colors.violet'))
polybar|error: Parser error (reason: Invalid color: '${colors.violet' (Context: '%{F${colors.violet'))
polybar|error: Parser error (reason: Invalid color: '${colors.violet' (Context: '%{F${colors.violet'))
polybar|warn:  Dropping unmatched character '' (U+f192) in '}} 1 '
polybar|warn:  Dropping unmatched character '' (U+f192) in '}} 1 '
polybar|warn:  Dropping unmatched character '' (U+f192) in '}} 1 '
polybar|warn:  Dropping unmatched character '' (U+e0b3) in '2025-08-01  09:50:50'
polybar|warn:  Dropping unmatched character '' (U+e0b3) in '2025-08-01  09:50:50'
polybar|warn:  Dropping unmatched character '' (U+f2db) in ' <usage> '
polybar|warn:  Dropping unmatched character '' (U+e0b3) in '2025-08-01  09:50:50'
polybar|warn:  Dropping unmatched character '' (U+f444) in ' <usage> '
polybar|warn:  Dropping unmatched character '' (U+f2db) in ' <usage> '
polybar|warn:  Dropping unmatched character '' (U+f538) in ' <used_mem> '
polybar|warn:  Dropping unmatched character '' (U+f2db) in ' <usage> '
polybar|warn:  Dropping unmatched character '' (U+f444) in ' <usage> '
polybar|warn:  Dropping unmatched character '' (U+e266) in ' <used_mem> '
polybar|warn:  Dropping unmatched character '' (U+f444) in ' <usage> '
polybar|warn:  Dropping unmatched character '' (U+f538) in ' <used_mem> '
polybar|warn:  Dropping unmatched character '' (U+f538) in ' <used_mem> '
polybar|warn:  Dropping unmatched character '' (U+e266) in ' <used_mem> '
polybar|warn:  Dropping unmatched character '' (U+e266) in ' <used_mem> '
polybar|error: Parser error (reason: Invalid color: '${colors.violet' (Context: '%{F${colors.violet'))
polybar|error: Parser error (reason: Invalid color: '${colors.violet' (Context: '%{F${colors.violet'))
polybar|error: Parser error (reason: Invalid color: '${colors.violet' (Context: '%{F${colors.violet'))
polybar|warn:  Dropping unmatched character '' (U+f192) in '}} 1 '
polybar|warn:  Dropping unmatched character '' (U+f192) in '}} 1 '
polybar|warn:  Dropping unmatched character '' (U+f192) in '}} 1 '
polybar|warn:  Dropping unmatched character '' (U+e0b3) in '2025-08-01  09:50:55'
polybar|warn:  Dropping unmatched character '' (U+e0b3) in '2025-08-01  09:50:55'
polybar|warn:  Dropping unmatched character '' (U+e0b3) in '2025-08-01  09:50:55'
polybar|warn:  Dropping unmatched character '' (U+f2db) in ' <usage> '
polybar|warn:  Dropping unmatched character '' (U+f2db) in ' <usage> '
polybar|warn:  Dropping unmatched character '' (U+f2db) in ' <usage> '
polybar|warn:  Dropping unmatched character '' (U+f444) in ' <usage> '
polybar|warn:  Dropping unmatched character '' (U+f444) in ' <usage> '
polybar|warn:  Dropping unmatched character '' (U+f538) in ' <used_mem> '
polybar|warn:  Dropping unmatched character '' (U+f444) in ' <usage> '
polybar|warn:  Dropping unmatched character '' (U+f538) in ' <used_mem> '
polybar|warn:  Dropping unmatched character '' (U+f538) in ' <used_mem> '
polybar|warn:  Dropping unmatched character '' (U+e266) in ' <used_mem> '
polybar|warn:  Dropping unmatched character '' (U+e266) in ' <used_mem> '
polybar|warn:  Dropping unmatched character '' (U+e266) in ' <used_mem> '
polybar|error: Parser error (reason: Invalid color: '${colors.violet' (Context: '%{F${colors.violet'))
polybar|error: Parser error (reason: Invalid color: '${colors.violet' (Context: '%{F${colors.violet'))
polybar|warn:  Dropping unmatched character '' (U+f192) in '}} 1 '
polybar|warn:  Dropping unmatched character '' (U+f192) in '}} 1 '
polybar|error: Parser error (reason: Invalid color: '${colors.violet' (Context: '%{F${colors.violet'))
polybar|warn:  Dropping unmatched character '' (U+f192) in '}} 1 '
polybar|warn:  Dropping unmatched character '' (U+e0b3) in '2025-08-01  09:51:00'
polybar|warn:  Dropping unmatched character '' (U+e0b3) in '2025-08-01  09:51:00'
polybar|warn:  Dropping unmatched character '' (U+f2db) in ' <usage> '
polybar|warn:  Dropping unmatched character '' (U+f2db) in ' <usage> '
polybar|warn:  Dropping unmatched character '' (U+f444) in ' <usage> '
polybar|warn:  Dropping unmatched character '' (U+f444) in ' <usage> '
polybar|warn:  Dropping unmatched character '' (U+e0b3) in '2025-08-01  09:51:00'
polybar|warn:  Dropping unmatched character '' (U+f538) in ' <used_mem> '
polybar|warn:  Dropping unmatched character '' (U+f538) in ' <used_mem> '
polybar|warn:  Dropping unmatched character '' (U+e266) in ' <used_mem> '
polybar|warn:  Dropping unmatched character '' (U+e266) in ' <used_mem> '
polybar|warn:  Dropping unmatched character '' (U+f2db) in ' <usage> '
polybar|warn:  Dropping unmatched character '' (U+f444) in ' <usage> '
polybar|warn:  Dropping unmatched character '' (U+f538) in ' <used_mem> '
polybar|warn:  Dropping unmatched character '' (U+e266) in ' <used_mem> '
polybar|error: Parser error (reason: Invalid color: '${colors.violet' (Context: '%{F${colors.violet'))
polybar|error: Parser error (reason: Invalid color: '${colors.violet' (Context: '%{F${colors.violet'))
polybar|error: Parser error (reason: Invalid color: '${colors.violet' (Context: '%{F${colors.violet'))
polybar|warn:  Dropping unmatched character '' (U+f192) in '}} 1 '
polybar|warn:  Dropping unmatched character '' (U+f192) in '}} 1 '
polybar|warn:  Dropping unmatched character '' (U+f192) in '}} 1 '
polybar|warn:  Dropping unmatched character '' (U+e0b3) in '2025-08-01  09:51:05'
polybar|warn:  Dropping unmatched character '' (U+e0b3) in '2025-08-01  09:51:05'
polybar|warn:  Dropping unmatched character '' (U+f2db) in ' <usage> '
polybar|warn:  Dropping unmatched character '' (U+f444) in ' <usage> '
polybar|warn:  Dropping unmatched character '' (U+e0b3) in '2025-08-01  09:51:05'
polybar|warn:  Dropping unmatched character '' (U+f2db) in ' <usage> '
polybar|warn:  Dropping unmatched character '' (U+f538) in ' <used_mem> '
polybar|warn:  Dropping unmatched character '' (U+f444) in ' <usage> '
polybar|warn:  Dropping unmatched character '' (U+e266) in ' <used_mem> '
polybar|warn:  Dropping unmatched character '' (U+f538) in ' <used_mem> '
polybar|warn:  Dropping unmatched character '' (U+f2db) in ' <usage> '
polybar|warn:  Dropping unmatched character '' (U+e266) in ' <used_mem> '
polybar|warn:  Dropping unmatched character '' (U+f444) in ' <usage> '
polybar|warn:  Dropping unmatched character '' (U+f538) in ' <used_mem> '
polybar|warn:  Dropping unmatched character '' (U+e266) in ' <used_mem> '
polybar|error: Parser error (reason: Invalid color: '${colors.violet' (Context: '%{F${colors.violet'))
polybar|error: Parser error (reason: Invalid color: '${colors.violet' (Context: '%{F${colors.violet'))
polybar|warn:  Dropping unmatched character '' (U+f192) in '}} 1 '
polybar|error: Parser error (reason: Invalid color: '${colors.violet' (Context: '%{F${colors.violet'))
polybar|warn:  Dropping unmatched character '' (U+f192) in '}} 1 '
polybar|warn:  Dropping unmatched character '' (U+f192) in '}} 1 '
polybar|warn:  Dropping unmatched character '' (U+e0b3) in '2025-08-01  09:51:10'
polybar|warn:  Dropping unmatched character '' (U+f2db) in ' <usage> '
polybar|warn:  Dropping unmatched character '' (U+e0b3) in '2025-08-01  09:51:10'
polybar|warn:  Dropping unmatched character '' (U+e0b3) in '2025-08-01  09:51:10'
polybar|warn:  Dropping unmatched character '' (U+f444) in ' <usage> '
polybar|warn:  Dropping unmatched character '' (U+f2db) in ' <usage> '
polybar|warn:  Dropping unmatched character '' (U+f2db) in ' <usage> '
polybar|warn:  Dropping unmatched character '' (U+f538) in ' <used_mem> '
polybar|warn:  Dropping unmatched character '' (U+f444) in ' <usage> '
polybar|warn:  Dropping unmatched character '' (U+f444) in ' <usage> '
polybar|warn:  Dropping unmatched character '' (U+f538) in ' <used_mem> '
polybar|warn:  Dropping unmatched character '' (U+f538) in ' <used_mem> '
polybar|warn:  Dropping unmatched character '' (U+e266) in ' <used_mem> '
polybar|warn:  Dropping unmatched character '' (U+e266) in ' <used_mem> '
polybar|warn:  Dropping unmatched character '' (U+e266) in ' <used_mem> '
polybar|error: Parser error (reason: Invalid color: '${colors.violet' (Context: '%{F${colors.violet'))
polybar|error: Parser error (reason: Invalid color: '${colors.violet' (Context: '%{F${colors.violet'))
polybar|warn:  Dropping unmatched character '' (U+f192) in '}} 2 '
polybar|warn:  Dropping unmatched character '' (U+f192) in '}} 2 '
polybar|warn:  Dropping unmatched character '' (U+e0b3) in '2025-08-01  09:51:10'
polybar|warn:  Dropping unmatched character '' (U+e0b3) in '2025-08-01  09:51:10'
polybar|warn:  Dropping unmatched character '' (U+f2db) in ' <usage> '
polybar|warn:  Dropping unmatched character '' (U+f2db) in ' <usage> '
polybar|warn:  Dropping unmatched character '' (U+f444) in ' <usage> '
polybar|warn:  Dropping unmatched character '' (U+f444) in ' <usage> '
polybar|warn:  Dropping unmatched character '' (U+f538) in ' <used_mem> '
polybar|warn:  Dropping unmatched character '' (U+f538) in ' <used_mem> '
polybar|warn:  Dropping unmatched character '' (U+e266) in ' <used_mem> '
polybar|warn:  Dropping unmatched character '' (U+e266) in ' <used_mem> '
polybar|error: Parser error (reason: Invalid color: '${colors.violet' (Context: '%{F${colors.violet'))
polybar|warn:  Dropping unmatched character '' (U+f192) in '}} 2 '
polybar|warn:  Dropping unmatched character '' (U+e0b3) in '2025-08-01  09:51:10'
polybar|warn:  Dropping unmatched character '' (U+f2db) in ' <usage> '
polybar|warn:  Dropping unmatched character '' (U+f444) in ' <usage> '
polybar|warn:  Dropping unmatched character '' (U+f538) in ' <used_mem> '
polybar|warn:  Dropping unmatched character '' (U+e266) in ' <used_mem> '
polybar|error: Parser error (reason: Invalid color: '${colors.violet' (Context: '%{F${colors.violet'))
polybar|error: Parser error (reason: Invalid color: '${colors.violet' (Context: '%{F${colors.violet'))
polybar|warn:  Dropping unmatched character '' (U+f192) in '}} 2 '
polybar|warn:  Dropping unmatched character '' (U+f192) in '}} 2 '
polybar|warn:  Dropping unmatched character '' (U+e0b3) in '2025-08-01  09:51:15'
polybar|error: Parser error (reason: Invalid color: '${colors.violet' (Context: '%{F${colors.violet'))
polybar|warn:  Dropping unmatched character '' (U+f2db) in ' <usage> '
polybar|warn:  Dropping unmatched character '' (U+f444) in ' <usage> '
polybar|warn:  Dropping unmatched character '' (U+e0b3) in '2025-08-01  09:51:15'
polybar|warn:  Dropping unmatched character '' (U+f538) in ' <used_mem> '
polybar|warn:  Dropping unmatched character '' (U+e266) in ' <used_mem> '
polybar|warn:  Dropping unmatched character '' (U+f192) in '}} 2 '
polybar|warn:  Dropping unmatched character '' (U+f2db) in ' <usage> '
polybar|warn:  Dropping unmatched character '' (U+f444) in ' <usage> '
polybar|warn:  Dropping unmatched character '' (U+f538) in ' <used_mem> '
polybar|warn:  Dropping unmatched character '' (U+e266) in ' <used_mem> '
polybar|warn:  Dropping unmatched character '' (U+e0b3) in '2025-08-01  09:51:15'
polybar|warn:  Dropping unmatched character '' (U+f2db) in ' <usage> '
polybar|warn:  Dropping unmatched character '' (U+f444) in ' <usage> '
polybar|warn:  Dropping unmatched character '' (U+f538) in ' <used_mem> '
polybar|warn:  Dropping unmatched character '' (U+e266) in ' <used_mem> '
polybar|error: Parser error (reason: Invalid color: '${colors.violet' (Context: '%{F${colors.violet'))
polybar|error: Parser error (reason: Invalid color: '${colors.violet' (Context: '%{F${colors.violet'))
polybar|error: Parser error (reason: Invalid color: '${colors.violet' (Context: '%{F${colors.violet'))
polybar|warn:  Dropping unmatched character '' (U+f192) in '}} 2 '
polybar|warn:  Dropping unmatched character '' (U+f192) in '}} 2 '
polybar|warn:  Dropping unmatched character '' (U+f192) in '}} 2 '
polybar|warn:  Dropping unmatched character '' (U+e0b3) in '2025-08-01  09:51:20'
polybar|warn:  Dropping unmatched character '' (U+e0b3) in '2025-08-01  09:51:20'
polybar|warn:  Dropping unmatched character '' (U+e0b3) in '2025-08-01  09:51:20'
polybar|warn:  Dropping unmatched character '' (U+f2db) in ' <usage> '
polybar|warn:  Dropping unmatched character '' (U+f2db) in ' <usage> '
polybar|warn:  Dropping unmatched character '' (U+f2db) in ' <usage> '
polybar|warn:  Dropping unmatched character '' (U+f444) in ' <usage> '
polybar|warn:  Dropping unmatched character '' (U+f444) in ' <usage> '
polybar|warn:  Dropping unmatched character '' (U+f444) in ' <usage> '
polybar|warn:  Dropping unmatched character '' (U+f538) in ' <used_mem> '
polybar|warn:  Dropping unmatched character '' (U+f538) in ' <used_mem> '
polybar|warn:  Dropping unmatched character '' (U+f538) in ' <used_mem> '
polybar|warn:  Dropping unmatched character '' (U+e266) in ' <used_mem> '
polybar|warn:  Dropping unmatched character '' (U+e266) in ' <used_mem> '
polybar|warn:  Dropping unmatched character '' (U+e266) in ' <used_mem> '
polybar|error: Parser error (reason: Invalid color: '${colors.violet' (Context: '%{F${colors.violet'))
polybar|error: Parser error (reason: Invalid color: '${colors.violet' (Context: '%{F${colors.violet'))
polybar|warn:  Dropping unmatched character '' (U+f192) in '}} 2 '
polybar|warn:  Dropping unmatched character '' (U+f192) in '}} 2 '
polybar|error: Parser error (reason: Invalid color: '${colors.violet' (Context: '%{F${colors.violet'))
polybar|warn:  Dropping unmatched character '' (U+e0b3) in '2025-08-01  09:51:25'
polybar|warn:  Dropping unmatched character '' (U+f2db) in ' <usage> '
polybar|warn:  Dropping unmatched character '' (U+f192) in '}} 2 '
polybar|warn:  Dropping unmatched character '' (U+e0b3) in '2025-08-01  09:51:25'
polybar|warn:  Dropping unmatched character '' (U+f444) in ' <usage> '
polybar|warn:  Dropping unmatched character '' (U+f538) in ' <used_mem> '
polybar|warn:  Dropping unmatched character '' (U+f2db) in ' <usage> '
polybar|warn:  Dropping unmatched character '' (U+e266) in ' <used_mem> '
polybar|warn:  Dropping unmatched character '' (U+f444) in ' <usage> '
polybar|warn:  Dropping unmatched character '' (U+f538) in ' <used_mem> '
polybar|warn:  Dropping unmatched character '' (U+e266) in ' <used_mem> '
polybar|warn:  Dropping unmatched character '' (U+e0b3) in '2025-08-01  09:51:25'
polybar|warn:  Dropping unmatched character '' (U+f2db) in ' <usage> '
polybar|warn:  Dropping unmatched character '' (U+f444) in ' <usage> '
polybar|warn:  Dropping unmatched character '' (U+f538) in ' <used_mem> '
polybar|warn:  Dropping unmatched character '' (U+e266) in ' <used_mem> '
polybar|error: Parser error (reason: Invalid color: '${colors.violet' (Context: '%{F${colors.violet'))
polybar|error: Parser error (reason: Invalid color: '${colors.violet' (Context: '%{F${colors.violet'))
polybar|warn:  Dropping unmatched character '' (U+f192) in '}} 3 '
polybar|warn:  Dropping unmatched character '' (U+f192) in '}} 3 '
polybar|warn:  Dropping unmatched character '' (U+e0b3) in '2025-08-01  09:51:25'
polybar|warn:  Dropping unmatched character '' (U+e0b3) in '2025-08-01  09:51:25'
polybar|warn:  Dropping unmatched character '' (U+f2db) in ' <usage> '
polybar|warn:  Dropping unmatched character '' (U+f2db) in ' <usage> '
polybar|warn:  Dropping unmatched character '' (U+f444) in ' <usage> '
polybar|warn:  Dropping unmatched character '' (U+f444) in ' <usage> '
polybar|warn:  Dropping unmatched character '' (U+f538) in ' <used_mem> '
polybar|warn:  Dropping unmatched character '' (U+f538) in ' <used_mem> '
polybar|warn:  Dropping unmatched character '' (U+e266) in ' <used_mem> '
polybar|warn:  Dropping unmatched character '' (U+e266) in ' <used_mem> '
polybar|error: Parser error (reason: Invalid color: '${colors.violet' (Context: '%{F${colors.violet'))
polybar|warn:  Dropping unmatched character '' (U+f192) in '}} 3 '
polybar|warn:  Dropping unmatched character '' (U+e0b3) in '2025-08-01  09:51:25'
polybar|warn:  Dropping unmatched character '' (U+f2db) in ' <usage> '
polybar|warn:  Dropping unmatched character '' (U+f444) in ' <usage> '
polybar|warn:  Dropping unmatched character '' (U+f538) in ' <used_mem> '
polybar|warn:  Dropping unmatched character '' (U+e266) in ' <used_mem> '
polybar|error: Parser error (reason: Invalid color: '${colors.violet' (Context: '%{F${colors.violet'))
polybar|error: Parser error (reason: Invalid color: '${colors.violet' (Context: '%{F${colors.violet'))
polybar|warn:  Dropping unmatched character '' (U+f192) in '}} 3 '
polybar|warn:  Dropping unmatched character '' (U+f192) in '}} 3 '
polybar|error: Parser error (reason: Invalid color: '${colors.violet' (Context: '%{F${colors.violet'))
polybar|warn:  Dropping unmatched character '' (U+e0b3) in '2025-08-01  09:51:30'
polybar|warn:  Dropping unmatched character '' (U+f192) in '}} 3 '
polybar|warn:  Dropping unmatched character '' (U+e0b3) in '2025-08-01  09:51:30'
polybar|warn:  Dropping unmatched character '' (U+f2db) in ' <usage> '
polybar|warn:  Dropping unmatched character '' (U+f2db) in ' <usage> '
polybar|warn:  Dropping unmatched character '' (U+f444) in ' <usage> '
polybar|warn:  Dropping unmatched character '' (U+f538) in ' <used_mem> '
polybar|warn:  Dropping unmatched character '' (U+f444) in ' <usage> '
polybar|warn:  Dropping unmatched character '' (U+f538) in ' <used_mem> '
polybar|warn:  Dropping unmatched character '' (U+e266) in ' <used_mem> '
polybar|warn:  Dropping unmatched character '' (U+e0b3) in '2025-08-01  09:51:30'
polybar|warn:  Dropping unmatched character '' (U+e266) in ' <used_mem> '
polybar|warn:  Dropping unmatched character '' (U+f2db) in ' <usage> '
polybar|warn:  Dropping unmatched character '' (U+f444) in ' <usage> '
polybar|warn:  Dropping unmatched character '' (U+f538) in ' <used_mem> '
polybar|warn:  Dropping unmatched character '' (U+e266) in ' <used_mem> '
polybar|error: Parser error (reason: Invalid color: '${colors.violet' (Context: '%{F${colors.violet'))
polybar|error: Parser error (reason: Invalid color: '${colors.violet' (Context: '%{F${colors.violet'))
polybar|warn:  Dropping unmatched character '' (U+f192) in '}} 2 '
polybar|warn:  Dropping unmatched character '' (U+f192) in '}} 2 '
polybar|warn:  Dropping unmatched character '' (U+e0b3) in '2025-08-01  09:51:30'
polybar|warn:  Dropping unmatched character '' (U+e0b3) in '2025-08-01  09:51:30'
polybar|warn:  Dropping unmatched character '' (U+f2db) in ' <usage> '
polybar|warn:  Dropping unmatched character '' (U+f2db) in ' <usage> '
polybar|warn:  Dropping unmatched character '' (U+f444) in ' <usage> '
polybar|warn:  Dropping unmatched character '' (U+f538) in ' <used_mem> '
polybar|warn:  Dropping unmatched character '' (U+e266) in ' <used_mem> '
polybar|warn:  Dropping unmatched character '' (U+f444) in ' <usage> '
polybar|warn:  Dropping unmatched character '' (U+f538) in ' <used_mem> '
polybar|warn:  Dropping unmatched character '' (U+e266) in ' <used_mem> '
polybar|error: Parser error (reason: Invalid color: '${colors.violet' (Context: '%{F${colors.violet'))
polybar|warn:  Dropping unmatched character '' (U+f192) in '}} 2 '
polybar|warn:  Dropping unmatched character '' (U+e0b3) in '2025-08-01  09:51:30'
polybar|warn:  Dropping unmatched character '' (U+f2db) in ' <usage> '
polybar|warn:  Dropping unmatched character '' (U+f444) in ' <usage> '
polybar|warn:  Dropping unmatched character '' (U+f538) in ' <used_mem> '
polybar|warn:  Dropping unmatched character '' (U+e266) in ' <used_mem> '
polybar|error: Parser error (reason: Invalid color: '${colors.violet' (Context: '%{F${colors.violet'))
polybar|warn:  Dropping unmatched character '' (U+f192) in '}} 3 '
polybar|error: Parser error (reason: Invalid color: '${colors.violet' (Context: '%{F${colors.violet'))
polybar|warn:  Dropping unmatched character '' (U+f192) in '}} 3 '
polybar|warn:  Dropping unmatched character '' (U+e0b3) in '2025-08-01  09:51:30'
polybar|error: Parser error (reason: Invalid color: '${colors.violet' (Context: '%{F${colors.violet'))
polybar|warn:  Dropping unmatched character '' (U+e0b3) in '2025-08-01  09:51:30'
polybar|warn:  Dropping unmatched character '' (U+f2db) in ' <usage> '
polybar|warn:  Dropping unmatched character '' (U+f192) in '}} 3 '
polybar|warn:  Dropping unmatched character '' (U+f444) in ' <usage> '
polybar|warn:  Dropping unmatched character '' (U+f538) in ' <used_mem> '
polybar|warn:  Dropping unmatched character '' (U+f2db) in ' <usage> '
polybar|warn:  Dropping unmatched character '' (U+e266) in ' <used_mem> '
polybar|warn:  Dropping unmatched character '' (U+f444) in ' <usage> '
polybar|warn:  Dropping unmatched character '' (U+f538) in ' <used_mem> '
polybar|warn:  Dropping unmatched character '' (U+e0b3) in '2025-08-01  09:51:30'
polybar|warn:  Dropping unmatched character '' (U+e266) in ' <used_mem> '
polybar|warn:  Dropping unmatched character '' (U+f2db) in ' <usage> '
polybar|warn:  Dropping unmatched character '' (U+f444) in ' <usage> '
polybar|warn:  Dropping unmatched character '' (U+f538) in ' <used_mem> '
polybar|warn:  Dropping unmatched character '' (U+e266) in ' <used_mem> '
polybar|error: Parser error (reason: Invalid color: '${colors.violet' (Context: '%{F${colors.violet'))
polybar|error: Parser error (reason: Invalid color: '${colors.violet' (Context: '%{F${colors.violet'))
polybar|error: Parser error (reason: Invalid color: '${colors.violet' (Context: '%{F${colors.violet'))
polybar|warn:  Dropping unmatched character '' (U+f192) in '}} 3 '
polybar|warn:  Dropping unmatched character '' (U+f192) in '}} 3 '
polybar|warn:  Dropping unmatched character '' (U+f192) in '}} 3 '
polybar|warn:  Dropping unmatched character '' (U+e0b3) in '2025-08-01  09:51:35'
polybar|warn:  Dropping unmatched character '' (U+e0b3) in '2025-08-01  09:51:35'
polybar|warn:  Dropping unmatched character '' (U+e0b3) in '2025-08-01  09:51:35'
polybar|warn:  Dropping unmatched character '' (U+f2db) in ' <usage> '
polybar|warn:  Dropping unmatched character '' (U+f2db) in ' <usage> '
polybar|warn:  Dropping unmatched character '' (U+f2db) in ' <usage> '
polybar|warn:  Dropping unmatched character '' (U+f444) in ' <usage> '
polybar|warn:  Dropping unmatched character '' (U+f444) in ' <usage> '
polybar|warn:  Dropping unmatched character '' (U+f538) in ' <used_mem> '
polybar|warn:  Dropping unmatched character '' (U+f538) in ' <used_mem> '
polybar|warn:  Dropping unmatched character '' (U+f444) in ' <usage> '
polybar|warn:  Dropping unmatched character '' (U+f538) in ' <used_mem> '
polybar|warn:  Dropping unmatched character '' (U+e266) in ' <used_mem> '
polybar|warn:  Dropping unmatched character '' (U+e266) in ' <used_mem> '
polybar|warn:  Dropping unmatched character '' (U+e266) in ' <used_mem> '
polybar|error: Parser error (reason: Invalid color: '${colors.violet' (Context: '%{F${colors.violet'))
polybar|error: Parser error (reason: Invalid color: '${colors.violet' (Context: '%{F${colors.violet'))
polybar|warn:  Dropping unmatched character '' (U+f192) in '}} 1 '
polybar|warn:  Dropping unmatched character '' (U+f192) in '}} 1 '
polybar|warn:  Dropping unmatched character '' (U+e0b3) in '2025-08-01  09:51:35'
polybar|warn:  Dropping unmatched character '' (U+e0b3) in '2025-08-01  09:51:35'
polybar|warn:  Dropping unmatched character '' (U+f2db) in ' <usage> '
polybar|warn:  Dropping unmatched character '' (U+f2db) in ' <usage> '
polybar|warn:  Dropping unmatched character '' (U+f444) in ' <usage> '
polybar|warn:  Dropping unmatched character '' (U+f444) in ' <usage> '
polybar|warn:  Dropping unmatched character '' (U+f538) in ' <used_mem> '
polybar|warn:  Dropping unmatched character '' (U+f538) in ' <used_mem> '
polybar|warn:  Dropping unmatched character '' (U+e266) in ' <used_mem> '
polybar|warn:  Dropping unmatched character '' (U+e266) in ' <used_mem> '
polybar|error: Parser error (reason: Invalid color: '${colors.violet' (Context: '%{F${colors.violet'))
polybar|warn:  Dropping unmatched character '' (U+f192) in '}} 1 '
polybar|warn:  Dropping unmatched character '' (U+e0b3) in '2025-08-01  09:51:35'
polybar|warn:  Dropping unmatched character '' (U+f2db) in ' <usage> '
polybar|warn:  Dropping unmatched character '' (U+f444) in ' <usage> '
polybar|warn:  Dropping unmatched character '' (U+f538) in ' <used_mem> '
polybar|warn:  Dropping unmatched character '' (U+e266) in ' <used_mem> '
polybar|error: Parser error (reason: Invalid color: '${colors.violet' (Context: '%{F${colors.violet'))
polybar|error: Parser error (reason: Invalid color: '${colors.violet' (Context: '%{F${colors.violet'))
polybar|error: Parser error (reason: Invalid color: '${colors.violet' (Context: '%{F${colors.violet'))
polybar|warn:  Dropping unmatched character '' (U+f192) in '}} 2 '
polybar|warn:  Dropping unmatched character '' (U+f192) in '}} 2 '
polybar|warn:  Dropping unmatched character '' (U+f192) in '}} 2 '
polybar|warn:  Dropping unmatched character '' (U+e0b3) in '2025-08-01  09:51:35'
polybar|warn:  Dropping unmatched character '' (U+e0b3) in '2025-08-01  09:51:35'
polybar|warn:  Dropping unmatched character '' (U+f2db) in ' <usage> '
polybar|warn:  Dropping unmatched character '' (U+f444) in ' <usage> '
polybar|warn:  Dropping unmatched character '' (U+e0b3) in '2025-08-01  09:51:35'
polybar|warn:  Dropping unmatched character '' (U+f538) in ' <used_mem> '
polybar|warn:  Dropping unmatched character '' (U+f2db) in ' <usage> '
polybar|warn:  Dropping unmatched character '' (U+e266) in ' <used_mem> '
polybar|warn:  Dropping unmatched character '' (U+f444) in ' <usage> '
polybar|warn:  Dropping unmatched character '' (U+f2db) in ' <usage> '
polybar|warn:  Dropping unmatched character '' (U+f538) in ' <used_mem> '
polybar|warn:  Dropping unmatched character '' (U+f444) in ' <usage> '
polybar|warn:  Dropping unmatched character '' (U+e266) in ' <used_mem> '
polybar|warn:  Dropping unmatched character '' (U+f538) in ' <used_mem> '
polybar|warn:  Dropping unmatched character '' (U+e266) in ' <used_mem> '
polybar|error: Parser error (reason: Invalid color: '${colors.violet' (Context: '%{F${colors.violet'))
polybar|error: Parser error (reason: Invalid color: '${colors.violet' (Context: '%{F${colors.violet'))
polybar|error: Parser error (reason: Invalid color: '${colors.violet' (Context: '%{F${colors.violet'))
polybar|warn:  Dropping unmatched character '' (U+f192) in '}} 3 '
polybar|warn:  Dropping unmatched character '' (U+f192) in '}} 3 '
polybar|warn:  Dropping unmatched character '' (U+f192) in '}} 3 '
polybar|warn:  Dropping unmatched character '' (U+e0b3) in '2025-08-01  09:51:35'
polybar|warn:  Dropping unmatched character '' (U+e0b3) in '2025-08-01  09:51:35'
polybar|warn:  Dropping unmatched character '' (U+e0b3) in '2025-08-01  09:51:35'
polybar|warn:  Dropping unmatched character '' (U+f2db) in ' <usage> '
polybar|warn:  Dropping unmatched character '' (U+f2db) in ' <usage> '
polybar|warn:  Dropping unmatched character '' (U+f444) in ' <usage> '
polybar|warn:  Dropping unmatched character '' (U+f444) in ' <usage> '
polybar|warn:  Dropping unmatched character '' (U+f2db) in ' <usage> '
polybar|warn:  Dropping unmatched character '' (U+f538) in ' <used_mem> '
polybar|warn:  Dropping unmatched character '' (U+f538) in ' <used_mem> '
polybar|warn:  Dropping unmatched character '' (U+f444) in ' <usage> '
polybar|warn:  Dropping unmatched character '' (U+e266) in ' <used_mem> '
polybar|warn:  Dropping unmatched character '' (U+e266) in ' <used_mem> '
polybar|warn:  Dropping unmatched character '' (U+f538) in ' <used_mem> '
polybar|warn:  Dropping unmatched character '' (U+e266) in ' <used_mem> '
polybar|error: Parser error (reason: Invalid color: '${colors.violet' (Context: '%{F${colors.violet'))
polybar|warn:  Dropping unmatched character '' (U+f192) in '}} 2 '
polybar|error: Parser error (reason: Invalid color: '${colors.violet' (Context: '%{F${colors.violet'))
polybar|warn:  Dropping unmatched character '' (U+f192) in '}} 2 '
polybar|warn:  Dropping unmatched character '' (U+e0b3) in '2025-08-01  09:51:35'
polybar|warn:  Dropping unmatched character '' (U+e0b3) in '2025-08-01  09:51:35'
polybar|warn:  Dropping unmatched character '' (U+f2db) in ' <usage> '
polybar|error: Parser error (reason: Invalid color: '${colors.violet' (Context: '%{F${colors.violet'))
polybar|warn:  Dropping unmatched character '' (U+f2db) in ' <usage> '
polybar|warn:  Dropping unmatched character '' (U+f444) in ' <usage> '
polybar|warn:  Dropping unmatched character '' (U+f444) in ' <usage> '
polybar|warn:  Dropping unmatched character '' (U+f538) in ' <used_mem> '
polybar|warn:  Dropping unmatched character '' (U+f538) in ' <used_mem> '
polybar|warn:  Dropping unmatched character '' (U+f192) in '}} 2 '
polybar|warn:  Dropping unmatched character '' (U+e266) in ' <used_mem> '
polybar|warn:  Dropping unmatched character '' (U+e266) in ' <used_mem> '
polybar|warn:  Dropping unmatched character '' (U+e0b3) in '2025-08-01  09:51:35'
polybar|warn:  Dropping unmatched character '' (U+f2db) in ' <usage> '
polybar|warn:  Dropping unmatched character '' (U+f444) in ' <usage> '
polybar|warn:  Dropping unmatched character '' (U+f538) in ' <used_mem> '
polybar|warn:  Dropping unmatched character '' (U+e266) in ' <used_mem> '
polybar|error: Parser error (reason: Invalid color: '${colors.violet' (Context: '%{F${colors.violet'))
polybar|error: Parser error (reason: Invalid color: '${colors.violet' (Context: '%{F${colors.violet'))
polybar|warn:  Dropping unmatched character '' (U+f192) in '}} 1 '
polybar|warn:  Dropping unmatched character '' (U+f192) in '}} 1 '
polybar|error: Parser error (reason: Invalid color: '${colors.violet' (Context: '%{F${colors.violet'))
polybar|warn:  Dropping unmatched character '' (U+e0b3) in '2025-08-01  09:51:35'
polybar|warn:  Dropping unmatched character '' (U+e0b3) in '2025-08-01  09:51:35'
polybar|warn:  Dropping unmatched character '' (U+f192) in '}} 1 '
polybar|warn:  Dropping unmatched character '' (U+f2db) in ' <usage> '
polybar|warn:  Dropping unmatched character '' (U+f2db) in ' <usage> '
polybar|warn:  Dropping unmatched character '' (U+f444) in ' <usage> '
polybar|warn:  Dropping unmatched character '' (U+e0b3) in '2025-08-01  09:51:35'
polybar|warn:  Dropping unmatched character '' (U+f538) in ' <used_mem> '
polybar|warn:  Dropping unmatched character '' (U+f444) in ' <usage> '
polybar|warn:  Dropping unmatched character '' (U+e266) in ' <used_mem> '
polybar|warn:  Dropping unmatched character '' (U+f2db) in ' <usage> '
polybar|warn:  Dropping unmatched character '' (U+f538) in ' <used_mem> '
polybar|warn:  Dropping unmatched character '' (U+f444) in ' <usage> '
polybar|warn:  Dropping unmatched character '' (U+e266) in ' <used_mem> '
polybar|warn:  Dropping unmatched character '' (U+f538) in ' <used_mem> '
polybar|warn:  Dropping unmatched character '' (U+e266) in ' <used_mem> '
polybar|error: Parser error (reason: Invalid color: '${colors.violet' (Context: '%{F${colors.violet'))
polybar|error: Parser error (reason: Invalid color: '${colors.violet' (Context: '%{F${colors.violet'))
polybar|error: Parser error (reason: Invalid color: '${colors.violet' (Context: '%{F${colors.violet'))
polybar|warn:  Dropping unmatched character '' (U+f192) in '}} 1 '
polybar|warn:  Dropping unmatched character '' (U+f192) in '}} 1 '
polybar|warn:  Dropping unmatched character '' (U+f192) in '}} 1 '
polybar|warn:  Dropping unmatched character '' (U+e0b3) in '2025-08-01  09:51:40'
polybar|warn:  Dropping unmatched character '' (U+e0b3) in '2025-08-01  09:51:40'
polybar|warn:  Dropping unmatched character '' (U+f2db) in ' <usage> '
polybar|warn:  Dropping unmatched character '' (U+e0b3) in '2025-08-01  09:51:40'
polybar|warn:  Dropping unmatched character '' (U+f444) in ' <usage> '
polybar|warn:  Dropping unmatched character '' (U+f2db) in ' <usage> '
polybar|warn:  Dropping unmatched character '' (U+f538) in ' <used_mem> '
polybar|warn:  Dropping unmatched character '' (U+f2db) in ' <usage> '
polybar|warn:  Dropping unmatched character '' (U+f444) in ' <usage> '
polybar|warn:  Dropping unmatched character '' (U+e266) in ' <used_mem> '
polybar|warn:  Dropping unmatched character '' (U+f444) in ' <usage> '
polybar|warn:  Dropping unmatched character '' (U+f538) in ' <used_mem> '
polybar|warn:  Dropping unmatched character '' (U+f538) in ' <used_mem> '
polybar|warn:  Dropping unmatched character '' (U+e266) in ' <used_mem> '
polybar|warn:  Dropping unmatched character '' (U+e266) in ' <used_mem> '
polybar|error: Parser error (reason: Invalid color: '${colors.violet' (Context: '%{F${colors.violet'))
polybar|error: Parser error (reason: Invalid color: '${colors.violet' (Context: '%{F${colors.violet'))
polybar|warn:  Dropping unmatched character '' (U+f192) in '}} 2 '
polybar|error: Parser error (reason: Invalid color: '${colors.violet' (Context: '%{F${colors.violet'))
polybar|warn:  Dropping unmatched character '' (U+f192) in '}} 2 '
polybar|warn:  Dropping unmatched character '' (U+e0b3) in '2025-08-01  09:51:40'
polybar|warn:  Dropping unmatched character '' (U+f2db) in ' <usage> '
polybar|warn:  Dropping unmatched character '' (U+f192) in '}} 2 '
polybar|warn:  Dropping unmatched character '' (U+f444) in ' <usage> '
polybar|warn:  Dropping unmatched character '' (U+f538) in ' <used_mem> '
polybar|warn:  Dropping unmatched character '' (U+e0b3) in '2025-08-01  09:51:40'
polybar|warn:  Dropping unmatched character '' (U+e266) in ' <used_mem> '
polybar|warn:  Dropping unmatched character '' (U+f2db) in ' <usage> '
polybar|warn:  Dropping unmatched character '' (U+e0b3) in '2025-08-01  09:51:40'
polybar|warn:  Dropping unmatched character '' (U+f444) in ' <usage> '
polybar|warn:  Dropping unmatched character '' (U+f538) in ' <used_mem> '
polybar|warn:  Dropping unmatched character '' (U+f2db) in ' <usage> '
polybar|warn:  Dropping unmatched character '' (U+e266) in ' <used_mem> '
polybar|warn:  Dropping unmatched character '' (U+f444) in ' <usage> '
polybar|warn:  Dropping unmatched character '' (U+f538) in ' <used_mem> '
polybar|warn:  Dropping unmatched character '' (U+e266) in ' <used_mem> '
polybar|error: Parser error (reason: Invalid color: '${colors.violet' (Context: '%{F${colors.violet'))
polybar|error: Parser error (reason: Invalid color: '${colors.violet' (Context: '%{F${colors.violet'))
polybar|error: Parser error (reason: Invalid color: '${colors.violet' (Context: '%{F${colors.violet'))
polybar|warn:  Dropping unmatched character '' (U+f192) in '}} 2 '
polybar|warn:  Dropping unmatched character '' (U+f192) in '}} 2 '
polybar|warn:  Dropping unmatched character '' (U+f192) in '}} 2 '
polybar|warn:  Dropping unmatched character '' (U+e0b3) in '2025-08-01  09:51:45'
polybar|warn:  Dropping unmatched character '' (U+e0b3) in '2025-08-01  09:51:45'
polybar|warn:  Dropping unmatched character '' (U+e0b3) in '2025-08-01  09:51:45'
polybar|warn:  Dropping unmatched character '' (U+f2db) in ' <usage> '
polybar|warn:  Dropping unmatched character '' (U+f2db) in ' <usage> '
polybar|warn:  Dropping unmatched character '' (U+f2db) in ' <usage> '
polybar|warn:  Dropping unmatched character '' (U+f444) in ' <usage> '
polybar|warn:  Dropping unmatched character '' (U+f444) in ' <usage> '
polybar|warn:  Dropping unmatched character '' (U+f444) in ' <usage> '
polybar|warn:  Dropping unmatched character '' (U+f538) in ' <used_mem> '
polybar|warn:  Dropping unmatched character '' (U+f538) in ' <used_mem> '
polybar|warn:  Dropping unmatched character '' (U+f538) in ' <used_mem> '
polybar|warn:  Dropping unmatched character '' (U+e266) in ' <used_mem> '
polybar|warn:  Dropping unmatched character '' (U+e266) in ' <used_mem> '
polybar|warn:  Dropping unmatched character '' (U+e266) in ' <used_mem> '
polybar|error: Parser error (reason: Invalid color: '${colors.violet' (Context: '%{F${colors.violet'))
polybar|error: Parser error (reason: Invalid color: '${colors.violet' (Context: '%{F${colors.violet'))
polybar|error: Parser error (reason: Invalid color: '${colors.violet' (Context: '%{F${colors.violet'))
polybar|warn:  Dropping unmatched character '' (U+f192) in '}} 2 '
polybar|warn:  Dropping unmatched character '' (U+f192) in '}} 2 '
polybar|warn:  Dropping unmatched character '' (U+f192) in '}} 2 '
polybar|warn:  Dropping unmatched character '' (U+e0b3) in '2025-08-01  09:51:50'
polybar|warn:  Dropping unmatched character '' (U+e0b3) in '2025-08-01  09:51:50'
polybar|warn:  Dropping unmatched character '' (U+f2db) in ' <usage> '
polybar|warn:  Dropping unmatched character '' (U+f2db) in ' <usage> '
polybar|warn:  Dropping unmatched character '' (U+e0b3) in '2025-08-01  09:51:50'
polybar|warn:  Dropping unmatched character '' (U+f444) in ' <usage> '
polybar|warn:  Dropping unmatched character '' (U+f444) in ' <usage> '
polybar|warn:  Dropping unmatched character '' (U+f538) in ' <used_mem> '
polybar|warn:  Dropping unmatched character '' (U+f538) in ' <used_mem> '
polybar|warn:  Dropping unmatched character '' (U+e266) in ' <used_mem> '
polybar|warn:  Dropping unmatched character '' (U+e266) in ' <used_mem> '
polybar|warn:  Dropping unmatched character '' (U+f2db) in ' <usage> '
polybar|warn:  Dropping unmatched character '' (U+f444) in ' <usage> '
polybar|warn:  Dropping unmatched character '' (U+f538) in ' <used_mem> '
polybar|warn:  Dropping unmatched character '' (U+e266) in ' <used_mem> '
polybar|error: Parser error (reason: Invalid color: '${colors.violet' (Context: '%{F${colors.violet'))
polybar|error: Parser error (reason: Invalid color: '${colors.violet' (Context: '%{F${colors.violet'))
polybar|error: Parser error (reason: Invalid color: '${colors.violet' (Context: '%{F${colors.violet'))
polybar|warn:  Dropping unmatched character '' (U+f192) in '}} 2 '
polybar|warn:  Dropping unmatched character '' (U+f192) in '}} 2 '
polybar|warn:  Dropping unmatched character '' (U+f192) in '}} 2 '
polybar|warn:  Dropping unmatched character '' (U+e0b3) in '2025-08-01  09:51:55'
polybar|warn:  Dropping unmatched character '' (U+e0b3) in '2025-08-01  09:51:55'
polybar|warn:  Dropping unmatched character '' (U+f2db) in ' <usage> '
polybar|warn:  Dropping unmatched character '' (U+e0b3) in '2025-08-01  09:51:55'
polybar|warn:  Dropping unmatched character '' (U+f444) in ' <usage> '
polybar|warn:  Dropping unmatched character '' (U+f2db) in ' <usage> '
polybar|warn:  Dropping unmatched character '' (U+f538) in ' <used_mem> '
polybar|warn:  Dropping unmatched character '' (U+f2db) in ' <usage> '
polybar|warn:  Dropping unmatched character '' (U+f444) in ' <usage> '
polybar|warn:  Dropping unmatched character '' (U+e266) in ' <used_mem> '
polybar|warn:  Dropping unmatched character '' (U+f444) in ' <usage> '
polybar|warn:  Dropping unmatched character '' (U+f538) in ' <used_mem> '
polybar|warn:  Dropping unmatched character '' (U+f538) in ' <used_mem> '
polybar|warn:  Dropping unmatched character '' (U+e266) in ' <used_mem> '
polybar|warn:  Dropping unmatched character '' (U+e266) in ' <used_mem> '
polybar|error: Parser error (reason: Invalid color: '${colors.violet' (Context: '%{F${colors.violet'))
polybar|error: Parser error (reason: Invalid color: '${colors.violet' (Context: '%{F${colors.violet'))
polybar|warn:  Dropping unmatched character '' (U+f192) in '}} 1 '
polybar|warn:  Dropping unmatched character '' (U+f192) in '}} 1 '
polybar|warn:  Dropping unmatched character '' (U+e0b3) in '2025-08-01  09:51:55'
polybar|warn:  Dropping unmatched character '' (U+e0b3) in '2025-08-01  09:51:55'
polybar|warn:  Dropping unmatched character '' (U+f2db) in ' <usage> '
polybar|warn:  Dropping unmatched character '' (U+f2db) in ' <usage> '
polybar|warn:  Dropping unmatched character '' (U+f444) in ' <usage> '
polybar|warn:  Dropping unmatched character '' (U+f444) in ' <usage> '
polybar|warn:  Dropping unmatched character '' (U+f538) in ' <used_mem> '
polybar|warn:  Dropping unmatched character '' (U+f538) in ' <used_mem> '
polybar|error: Parser error (reason: Invalid color: '${colors.violet' (Context: '%{F${colors.violet'))
polybar|warn:  Dropping unmatched character '' (U+e266) in ' <used_mem> '
polybar|warn:  Dropping unmatched character '' (U+e266) in ' <used_mem> '
polybar|warn:  Dropping unmatched character '' (U+f192) in '}} 1 '
polybar|warn:  Dropping unmatched character '' (U+e0b3) in '2025-08-01  09:51:55'
polybar|warn:  Dropping unmatched character '' (U+f2db) in ' <usage> '
polybar|warn:  Dropping unmatched character '' (U+f444) in ' <usage> '
polybar|warn:  Dropping unmatched character '' (U+f538) in ' <used_mem> '
polybar|warn:  Dropping unmatched character '' (U+e266) in ' <used_mem> '
polybar|error: Parser error (reason: Invalid color: '${colors.violet' (Context: '%{F${colors.violet'))
polybar|error: Parser error (reason: Invalid color: '${colors.violet' (Context: '%{F${colors.violet'))
polybar|warn:  Dropping unmatched character '' (U+f192) in '}} 2 '
polybar|warn:  Dropping unmatched character '' (U+f192) in '}} 2 '
polybar|warn:  Dropping unmatched character '' (U+e0b3) in '2025-08-01  09:51:55'
polybar|error: Parser error (reason: Invalid color: '${colors.violet' (Context: '%{F${colors.violet'))
polybar|warn:  Dropping unmatched character '' (U+f2db) in ' <usage> '
polybar|warn:  Dropping unmatched character '' (U+e0b3) in '2025-08-01  09:51:55'
polybar|warn:  Dropping unmatched character '' (U+f444) in ' <usage> '
polybar|warn:  Dropping unmatched character '' (U+f192) in '}} 2 '
polybar|warn:  Dropping unmatched character '' (U+f2db) in ' <usage> '
polybar|warn:  Dropping unmatched character '' (U+f538) in ' <used_mem> '
polybar|warn:  Dropping unmatched character '' (U+f444) in ' <usage> '
polybar|warn:  Dropping unmatched character '' (U+e266) in ' <used_mem> '
polybar|warn:  Dropping unmatched character '' (U+f538) in ' <used_mem> '
polybar|warn:  Dropping unmatched character '' (U+e266) in ' <used_mem> '
polybar|warn:  Dropping unmatched character '' (U+e0b3) in '2025-08-01  09:51:55'
polybar|warn:  Dropping unmatched character '' (U+f2db) in ' <usage> '
polybar|warn:  Dropping unmatched character '' (U+f444) in ' <usage> '
polybar|warn:  Dropping unmatched character '' (U+f538) in ' <used_mem> '
polybar|warn:  Dropping unmatched character '' (U+e266) in ' <used_mem> '
polybar|error: Parser error (reason: Invalid color: '${colors.violet' (Context: '%{F${colors.violet'))
polybar|error: Parser error (reason: Invalid color: '${colors.violet' (Context: '%{F${colors.violet'))
polybar|error: Parser error (reason: Invalid color: '${colors.violet' (Context: '%{F${colors.violet'))
polybar|warn:  Dropping unmatched character '' (U+f192) in '}} 2 '
polybar|warn:  Dropping unmatched character '' (U+f192) in '}} 2 '
polybar|warn:  Dropping unmatched character '' (U+f192) in '}} 2 '
polybar|warn:  Dropping unmatched character '' (U+e0b3) in '2025-08-01  09:52:00'
polybar|warn:  Dropping unmatched character '' (U+f2db) in ' <usage> '
polybar|warn:  Dropping unmatched character '' (U+e0b3) in '2025-08-01  09:52:00'
polybar|warn:  Dropping unmatched character '' (U+e0b3) in '2025-08-01  09:52:00'
polybar|warn:  Dropping unmatched character '' (U+f444) in ' <usage> '
polybar|warn:  Dropping unmatched character '' (U+f538) in ' <used_mem> '
polybar|warn:  Dropping unmatched character '' (U+f2db) in ' <usage> '
polybar|warn:  Dropping unmatched character '' (U+f2db) in ' <usage> '
polybar|warn:  Dropping unmatched character '' (U+e266) in ' <used_mem> '
polybar|warn:  Dropping unmatched character '' (U+f444) in ' <usage> '
polybar|warn:  Dropping unmatched character '' (U+f444) in ' <usage> '
polybar|warn:  Dropping unmatched character '' (U+f538) in ' <used_mem> '
polybar|warn:  Dropping unmatched character '' (U+f538) in ' <used_mem> '
polybar|warn:  Dropping unmatched character '' (U+e266) in ' <used_mem> '
polybar|warn:  Dropping unmatched character '' (U+e266) in ' <used_mem> '
polybar|error: Parser error (reason: Invalid color: '${colors.violet' (Context: '%{F${colors.violet'))
polybar|warn:  Dropping unmatched character '' (U+f192) in '}} 1 '
polybar|warn:  Dropping unmatched character '' (U+e0b3) in '2025-08-01  09:52:00'
polybar|warn:  Dropping unmatched character '' (U+f2db) in ' <usage> '
polybar|warn:  Dropping unmatched character '' (U+f444) in ' <usage> '
polybar|warn:  Dropping unmatched character '' (U+f538) in ' <used_mem> '
polybar|warn:  Dropping unmatched character '' (U+e266) in ' <used_mem> '
polybar|error: Parser error (reason: Invalid color: '${colors.violet' (Context: '%{F${colors.violet'))
polybar|warn:  Dropping unmatched character '' (U+f192) in '}} 1 '
polybar|warn:  Dropping unmatched character '' (U+e0b3) in '2025-08-01  09:52:00'
polybar|warn:  Dropping unmatched character '' (U+f2db) in ' <usage> '
polybar|warn:  Dropping unmatched character '' (U+f444) in ' <usage> '
polybar|warn:  Dropping unmatched character '' (U+f538) in ' <used_mem> '
polybar|warn:  Dropping unmatched character '' (U+e266) in ' <used_mem> '
polybar|error: Parser error (reason: Invalid color: '${colors.violet' (Context: '%{F${colors.violet'))
polybar|warn:  Dropping unmatched character '' (U+f192) in '}} 1 '
polybar|warn:  Dropping unmatched character '' (U+e0b3) in '2025-08-01  09:52:00'
polybar|warn:  Dropping unmatched character '' (U+f2db) in ' <usage> '
polybar|warn:  Dropping unmatched character '' (U+f444) in ' <usage> '
polybar|warn:  Dropping unmatched character '' (U+f538) in ' <used_mem> '
polybar|warn:  Dropping unmatched character '' (U+e266) in ' <used_mem> '
polybar|error: Parser error (reason: Invalid color: '${colors.violet' (Context: '%{F${colors.violet'))
polybar|error: Parser error (reason: Invalid color: '${colors.violet' (Context: '%{F${colors.violet'))
polybar|warn:  Dropping unmatched character '' (U+f192) in '}} 2 '
polybar|warn:  Dropping unmatched character '' (U+f192) in '}} 2 '
polybar|warn:  Dropping unmatched character '' (U+e0b3) in '2025-08-01  09:52:00'
polybar|error: Parser error (reason: Invalid color: '${colors.violet' (Context: '%{F${colors.violet'))
polybar|warn:  Dropping unmatched character '' (U+f2db) in ' <usage> '
polybar|warn:  Dropping unmatched character '' (U+e0b3) in '2025-08-01  09:52:00'
polybar|warn:  Dropping unmatched character '' (U+f444) in ' <usage> '
polybar|warn:  Dropping unmatched character '' (U+f538) in ' <used_mem> '
polybar|warn:  Dropping unmatched character '' (U+e266) in ' <used_mem> '
polybar|warn:  Dropping unmatched character '' (U+f2db) in ' <usage> '
polybar|warn:  Dropping unmatched character '' (U+f192) in '}} 2 '
polybar|warn:  Dropping unmatched character '' (U+f444) in ' <usage> '
polybar|warn:  Dropping unmatched character '' (U+f538) in ' <used_mem> '
polybar|warn:  Dropping unmatched character '' (U+e266) in ' <used_mem> '
polybar|warn:  Dropping unmatched character '' (U+e0b3) in '2025-08-01  09:52:00'
polybar|warn:  Dropping unmatched character '' (U+f2db) in ' <usage> '
polybar|warn:  Dropping unmatched character '' (U+f444) in ' <usage> '
polybar|warn:  Dropping unmatched character '' (U+f538) in ' <used_mem> '
polybar|warn:  Dropping unmatched character '' (U+e266) in ' <used_mem> '
polybar|error: Parser error (reason: Invalid color: '${colors.violet' (Context: '%{F${colors.violet'))
polybar|error: Parser error (reason: Invalid color: '${colors.violet' (Context: '%{F${colors.violet'))
polybar|warn:  Dropping unmatched character '' (U+f192) in '}} 3 '
polybar|warn:  Dropping unmatched character '' (U+f192) in '}} 3 '
polybar|warn:  Dropping unmatched character '' (U+e0b3) in '2025-08-01  09:52:00'
polybar|warn:  Dropping unmatched character '' (U+f2db) in ' <usage> '
polybar|warn:  Dropping unmatched character '' (U+e0b3) in '2025-08-01  09:52:00'
polybar|warn:  Dropping unmatched character '' (U+f444) in ' <usage> '
polybar|warn:  Dropping unmatched character '' (U+f538) in ' <used_mem> '
polybar|warn:  Dropping unmatched character '' (U+f2db) in ' <usage> '
polybar|warn:  Dropping unmatched character '' (U+e266) in ' <used_mem> '
polybar|warn:  Dropping unmatched character '' (U+f444) in ' <usage> '
polybar|warn:  Dropping unmatched character '' (U+f538) in ' <used_mem> '
polybar|warn:  Dropping unmatched character '' (U+e266) in ' <used_mem> '
polybar|error: Parser error (reason: Invalid color: '${colors.violet' (Context: '%{F${colors.violet'))
polybar|warn:  Dropping unmatched character '' (U+f192) in '}} 3 '
polybar|warn:  Dropping unmatched character '' (U+e0b3) in '2025-08-01  09:52:00'
polybar|warn:  Dropping unmatched character '' (U+f2db) in ' <usage> '
polybar|warn:  Dropping unmatched character '' (U+f444) in ' <usage> '
polybar|warn:  Dropping unmatched character '' (U+f538) in ' <used_mem> '
polybar|warn:  Dropping unmatched character '' (U+e266) in ' <used_mem> '
polybar|error: Parser error (reason: Invalid color: '${colors.violet' (Context: '%{F${colors.violet'))
polybar|error: Parser error (reason: Invalid color: '${colors.violet' (Context: '%{F${colors.violet'))
polybar|warn:  Dropping unmatched character '' (U+f192) in '}} 2 '
polybar|warn:  Dropping unmatched character '' (U+f192) in '}} 2 '
polybar|error: Parser error (reason: Invalid color: '${colors.violet' (Context: '%{F${colors.violet'))
polybar|warn:  Dropping unmatched character '' (U+e0b3) in '2025-08-01  09:52:00'
polybar|warn:  Dropping unmatched character '' (U+e0b3) in '2025-08-01  09:52:00'
polybar|warn:  Dropping unmatched character '' (U+f2db) in ' <usage> '
polybar|warn:  Dropping unmatched character '' (U+f192) in '}} 2 '
polybar|warn:  Dropping unmatched character '' (U+f444) in ' <usage> '
polybar|warn:  Dropping unmatched character '' (U+f538) in ' <used_mem> '
polybar|warn:  Dropping unmatched character '' (U+f2db) in ' <usage> '
polybar|warn:  Dropping unmatched character '' (U+e266) in ' <used_mem> '
polybar|warn:  Dropping unmatched character '' (U+f444) in ' <usage> '
polybar|warn:  Dropping unmatched character '' (U+f538) in ' <used_mem> '
polybar|warn:  Dropping unmatched character '' (U+e0b3) in '2025-08-01  09:52:00'
polybar|warn:  Dropping unmatched character '' (U+e266) in ' <used_mem> '
polybar|warn:  Dropping unmatched character '' (U+f2db) in ' <usage> '
polybar|warn:  Dropping unmatched character '' (U+f444) in ' <usage> '
polybar|warn:  Dropping unmatched character '' (U+f538) in ' <used_mem> '
polybar|warn:  Dropping unmatched character '' (U+e266) in ' <used_mem> '
polybar|warn:  module/workspaces: Attempting to reconnect socket (reason: Unexpected EOF while reading header)
polybar|warn:  module/workspaces: Attempting to reconnect socket (reason: Unexpected EOF while reading header)
polybar|warn:  module/workspaces: Attempting to reconnect socket (reason: Unexpected EOF while reading header)
polybar|error: module/workspaces: Failed to reconnect socket (reason: Failed to connect to i3 at '/run/user/1000/i3/ipc-socket.1870': errno 2 (No such file or directory))
polybar|error: module/workspaces: Failed to reconnect socket (reason: Failed to connect to i3 at '/run/user/1000/i3/ipc-socket.1870': errno 2 (No such file or directory))
polybar|error: module/workspaces: Failed to reconnect socket (reason: Failed to connect to i3 at '/run/user/1000/i3/ipc-socket.1870': errno 2 (No such file or directory))
polybar|warn:  module/workspaces: Attempting to reconnect socket (reason: Failed to read header from socket 0xc: errno 22 (Invalid argument))
polybar|warn:  module/workspaces: Attempting to reconnect socket (reason: Failed to read header from socket 0xc: errno 22 (Invalid argument))
polybar|warn:  module/workspaces: Attempting to reconnect socket (reason: Failed to read header from socket 0xc: errno 22 (Invalid argument))
polybar|error: module/workspaces: Failed to reconnect socket (reason: Failed to connect to i3 at '/run/user/1000/i3/ipc-socket.1870': errno 2 (No such file or directory))
polybar|error: module/workspaces: Failed to reconnect socket (reason: Failed to connect to i3 at '/run/user/1000/i3/ipc-socket.1870': errno 2 (No such file or directory))
polybar|error: module/workspaces: Failed to reconnect socket (reason: Failed to connect to i3 at '/run/user/1000/i3/ipc-socket.1870': errno 2 (No such file or directory))
polybar|warn:  module/workspaces: Attempting to reconnect socket (reason: Failed to read header from socket 0xc: errno 22 (Invalid argument))
polybar|warn:  module/workspaces: Attempting to reconnect socket (reason: Failed to read header from socket 0xc: errno 22 (Invalid argument))
polybar|warn:  module/workspaces: Attempting to reconnect socket (reason: Failed to read header from socket 0xc: errno 22 (Invalid argument))
polybar|error: module/workspaces: Failed to reconnect socket (reason: Failed to connect to i3 at '/run/user/1000/i3/ipc-socket.1870': errno 2 (No such file or directory))
polybar|error: module/workspaces: Failed to reconnect socket (reason: Failed to connect to i3 at '/run/user/1000/i3/ipc-socket.1870': errno 2 (No such file or directory))
polybar|error: module/workspaces: Failed to reconnect socket (reason: Failed to connect to i3 at '/run/user/1000/i3/ipc-socket.1870': errno 2 (No such file or directory))
polybar|warn:  module/workspaces: Attempting to reconnect socket (reason: Failed to read header from socket 0xc: errno 22 (Invalid argument))
polybar|warn:  module/workspaces: Attempting to reconnect socket (reason: Failed to read header from socket 0xc: errno 22 (Invalid argument))
polybar|warn:  module/workspaces: Attempting to reconnect socket (reason: Failed to read header from socket 0xc: errno 22 (Invalid argument))
polybar|error: Parser error (reason: Invalid color: '${colors.violet' (Context: '%{F${colors.violet'))
polybar|error: Parser error (reason: Invalid color: '${colors.violet' (Context: '%{F${colors.violet'))
polybar|error: Parser error (reason: Invalid color: '${colors.violet' (Context: '%{F${colors.violet'))
polybar|warn:  Dropping unmatched character '' (U+f192) in '}} 2 '
polybar|warn:  Dropping unmatched character '' (U+f192) in '}} 2 '
polybar|warn:  Dropping unmatched character '' (U+f192) in '}} 2 '
polybar|warn:  Dropping unmatched character '' (U+e0b3) in '2025-08-01  09:52:05'
polybar|warn:  Dropping unmatched character '' (U+e0b3) in '2025-08-01  09:52:05'
polybar|warn:  Dropping unmatched character '' (U+e0b3) in '2025-08-01  09:52:05'
polybar|warn:  Dropping unmatched character '' (U+f2db) in ' <usage> '
polybar|warn:  Dropping unmatched character '' (U+f444) in ' <usage> '
polybar|warn:  Dropping unmatched character '' (U+f2db) in ' <usage> '
polybar|warn:  Dropping unmatched character '' (U+f538) in ' <used_mem> '
polybar|warn:  Dropping unmatched character '' (U+f2db) in ' <usage> '
polybar|warn:  Dropping unmatched character '' (U+e266) in ' <used_mem> '
polybar|warn:  Dropping unmatched character '' (U+f444) in ' <usage> '
polybar|warn:  Dropping unmatched character '' (U+f444) in ' <usage> '
polybar|warn:  Dropping unmatched character '' (U+f538) in ' <used_mem> '
polybar|warn:  Dropping unmatched character '' (U+f538) in ' <used_mem> '
polybar|warn:  Dropping unmatched character '' (U+e266) in ' <used_mem> '
polybar|warn:  Dropping unmatched character '' (U+e266) in ' <used_mem> '
polybar|error: Parser error (reason: Invalid color: '${colors.violet' (Context: '%{F${colors.violet'))
polybar|error: Parser error (reason: Invalid color: '${colors.violet' (Context: '%{F${colors.violet'))
polybar|error: Parser error (reason: Invalid color: '${colors.violet' (Context: '%{F${colors.violet'))
polybar|warn:  Dropping unmatched character '' (U+f192) in '}} 2 '
polybar|warn:  Dropping unmatched character '' (U+f192) in '}} 2 '
polybar|warn:  Dropping unmatched character '' (U+f192) in '}} 2 '
polybar|warn:  Dropping unmatched character '' (U+e0b3) in '2025-08-01  09:52:10'
polybar|warn:  Dropping unmatched character '' (U+e0b3) in '2025-08-01  09:52:10'
polybar|warn:  Dropping unmatched character '' (U+e0b3) in '2025-08-01  09:52:10'
polybar|warn:  Dropping unmatched character '' (U+f2db) in ' <usage> '
polybar|warn:  Dropping unmatched character '' (U+f444) in ' <usage> '
polybar|warn:  Dropping unmatched character '' (U+f538) in ' <used_mem> '
polybar|warn:  Dropping unmatched character '' (U+f2db) in ' <usage> '
polybar|warn:  Dropping unmatched character '' (U+f2db) in ' <usage> '
polybar|warn:  Dropping unmatched character '' (U+e266) in ' <used_mem> '
polybar|warn:  Dropping unmatched character '' (U+f444) in ' <usage> '
polybar|warn:  Dropping unmatched character '' (U+f444) in ' <usage> '
polybar|warn:  Dropping unmatched character '' (U+f538) in ' <used_mem> '
polybar|warn:  Dropping unmatched character '' (U+f538) in ' <used_mem> '
polybar|warn:  Dropping unmatched character '' (U+e266) in ' <used_mem> '
polybar|warn:  Dropping unmatched character '' (U+e266) in ' <used_mem> '
polybar|error: Parser error (reason: Invalid color: '${colors.violet' (Context: '%{F${colors.violet'))
polybar|error: Parser error (reason: Invalid color: '${colors.violet' (Context: '%{F${colors.violet'))
polybar|error: Parser error (reason: Invalid color: '${colors.violet' (Context: '%{F${colors.violet'))
polybar|warn:  Dropping unmatched character '' (U+f192) in '}} 2 '
polybar|warn:  Dropping unmatched character '' (U+f192) in '}} 2 '
polybar|warn:  Dropping unmatched character '' (U+f192) in '}} 2 '
polybar|warn:  Dropping unmatched character '' (U+e0b3) in '2025-08-01  09:52:15'
polybar|warn:  Dropping unmatched character '' (U+e0b3) in '2025-08-01  09:52:15'
polybar|warn:  Dropping unmatched character '' (U+f2db) in ' <usage> '
polybar|warn:  Dropping unmatched character '' (U+f444) in ' <usage> '
polybar|warn:  Dropping unmatched character '' (U+f2db) in ' <usage> '
polybar|warn:  Dropping unmatched character '' (U+f538) in ' <used_mem> '
polybar|warn:  Dropping unmatched character '' (U+f444) in ' <usage> '
polybar|warn:  Dropping unmatched character '' (U+e0b3) in '2025-08-01  09:52:15'
polybar|warn:  Dropping unmatched character '' (U+e266) in ' <used_mem> '
polybar|warn:  Dropping unmatched character '' (U+f538) in ' <used_mem> '
polybar|warn:  Dropping unmatched character '' (U+e266) in ' <used_mem> '
polybar|warn:  Dropping unmatched character '' (U+f2db) in ' <usage> '
polybar|warn:  Dropping unmatched character '' (U+f444) in ' <usage> '
polybar|warn:  Dropping unmatched character '' (U+f538) in ' <used_mem> '
polybar|warn:  Dropping unmatched character '' (U+e266) in ' <used_mem> '
polybar|error: Parser error (reason: Invalid color: '${colors.violet' (Context: '%{F${colors.violet'))
polybar|error: Parser error (reason: Invalid color: '${colors.violet' (Context: '%{F${colors.violet'))
polybar|error: Parser error (reason: Invalid color: '${colors.violet' (Context: '%{F${colors.violet'))
polybar|warn:  Dropping unmatched character '' (U+f192) in '}} 2 '
polybar|warn:  Dropping unmatched character '' (U+f192) in '}} 2 '
polybar|warn:  Dropping unmatched character '' (U+f192) in '}} 2 '
polybar|warn:  Dropping unmatched character '' (U+e0b3) in '2025-08-01  09:52:20'
polybar|warn:  Dropping unmatched character '' (U+f2db) in ' <usage> '
polybar|warn:  Dropping unmatched character '' (U+e0b3) in '2025-08-01  09:52:20'
polybar|warn:  Dropping unmatched character '' (U+e0b3) in '2025-08-01  09:52:20'
polybar|warn:  Dropping unmatched character '' (U+f444) in ' <usage> '
polybar|warn:  Dropping unmatched character '' (U+f538) in ' <used_mem> '
polybar|warn:  Dropping unmatched character '' (U+e266) in ' <used_mem> '
polybar|warn:  Dropping unmatched character '' (U+f2db) in ' <usage> '
polybar|warn:  Dropping unmatched character '' (U+f2db) in ' <usage> '
polybar|warn:  Dropping unmatched character '' (U+f444) in ' <usage> '
polybar|warn:  Dropping unmatched character '' (U+f444) in ' <usage> '
polybar|warn:  Dropping unmatched character '' (U+f538) in ' <used_mem> '
polybar|warn:  Dropping unmatched character '' (U+f538) in ' <used_mem> '
polybar|warn:  Dropping unmatched character '' (U+e266) in ' <used_mem> '
polybar|warn:  Dropping unmatched character '' (U+e266) in ' <used_mem> '
polybar|error: Parser error (reason: Invalid color: '${colors.violet' (Context: '%{F${colors.violet'))
polybar|error: Parser error (reason: Invalid color: '${colors.violet' (Context: '%{F${colors.violet'))
polybar|error: Parser error (reason: Invalid color: '${colors.violet' (Context: '%{F${colors.violet'))
polybar|warn:  Dropping unmatched character '' (U+f192) in '}} 3 '
polybar|warn:  Dropping unmatched character '' (U+f192) in '}} 3 '
polybar|warn:  Dropping unmatched character '' (U+f192) in '}} 3 '
polybar|warn:  Dropping unmatched character '' (U+e0b3) in '2025-08-01  09:52:20'
polybar|warn:  Dropping unmatched character '' (U+e0b3) in '2025-08-01  09:52:20'
polybar|warn:  Dropping unmatched character '' (U+e0b3) in '2025-08-01  09:52:20'
polybar|warn:  Dropping unmatched character '' (U+f2db) in ' <usage> '
polybar|warn:  Dropping unmatched character '' (U+f2db) in ' <usage> '
polybar|warn:  Dropping unmatched character '' (U+f2db) in ' <usage> '
polybar|warn:  Dropping unmatched character '' (U+f444) in ' <usage> '
polybar|warn:  Dropping unmatched character '' (U+f444) in ' <usage> '
polybar|warn:  Dropping unmatched character '' (U+f444) in ' <usage> '
polybar|warn:  Dropping unmatched character '' (U+f538) in ' <used_mem> '
polybar|warn:  Dropping unmatched character '' (U+f538) in ' <used_mem> '
polybar|warn:  Dropping unmatched character '' (U+f538) in ' <used_mem> '
polybar|warn:  Dropping unmatched character '' (U+e266) in ' <used_mem> '
polybar|warn:  Dropping unmatched character '' (U+e266) in ' <used_mem> '
polybar|warn:  Dropping unmatched character '' (U+e266) in ' <used_mem> '
polybar|error: Parser error (reason: Invalid color: '${colors.violet' (Context: '%{F${colors.violet'))
polybar|error: Parser error (reason: Invalid color: '${colors.violet' (Context: '%{F${colors.violet'))
polybar|error: Parser error (reason: Invalid color: '${colors.violet' (Context: '%{F${colors.violet'))
polybar|warn:  Dropping unmatched character '' (U+f192) in '}} 2 '
polybar|warn:  Dropping unmatched character '' (U+f192) in '}} 2 '
polybar|warn:  Dropping unmatched character '' (U+f192) in '}} 2 '
polybar|warn:  Dropping unmatched character '' (U+e0b3) in '2025-08-01  09:52:20'
polybar|warn:  Dropping unmatched character '' (U+e0b3) in '2025-08-01  09:52:20'
polybar|warn:  Dropping unmatched character '' (U+f2db) in ' <usage> '
polybar|warn:  Dropping unmatched character '' (U+f444) in ' <usage> '
polybar|warn:  Dropping unmatched character '' (U+e0b3) in '2025-08-01  09:52:20'
polybar|warn:  Dropping unmatched character '' (U+f538) in ' <used_mem> '
polybar|warn:  Dropping unmatched character '' (U+f2db) in ' <usage> '
polybar|warn:  Dropping unmatched character '' (U+e266) in ' <used_mem> '
polybar|warn:  Dropping unmatched character '' (U+f444) in ' <usage> '
polybar|warn:  Dropping unmatched character '' (U+f2db) in ' <usage> '
polybar|warn:  Dropping unmatched character '' (U+f538) in ' <used_mem> '
polybar|warn:  Dropping unmatched character '' (U+f444) in ' <usage> '
polybar|warn:  Dropping unmatched character '' (U+e266) in ' <used_mem> '
polybar|warn:  Dropping unmatched character '' (U+f538) in ' <used_mem> '
polybar|warn:  Dropping unmatched character '' (U+e266) in ' <used_mem> '
polybar|error: Parser error (reason: Invalid color: '${colors.violet' (Context: '%{F${colors.violet'))
polybar|error: Parser error (reason: Invalid color: '${colors.violet' (Context: '%{F${colors.violet'))
polybar|warn:  Dropping unmatched character '' (U+f192) in '}} 2 '
polybar|error: Parser error (reason: Invalid color: '${colors.violet' (Context: '%{F${colors.violet'))
polybar|warn:  Dropping unmatched character '' (U+f192) in '}} 2 '
polybar|warn:  Dropping unmatched character '' (U+f192) in '}} 2 '
polybar|warn:  Dropping unmatched character '' (U+e0b3) in '2025-08-01  09:52:25'
polybar|warn:  Dropping unmatched character '' (U+f2db) in ' <usage> '
polybar|warn:  Dropping unmatched character '' (U+e0b3) in '2025-08-01  09:52:25'
polybar|warn:  Dropping unmatched character '' (U+f444) in ' <usage> '
polybar|warn:  Dropping unmatched character '' (U+f538) in ' <used_mem> '
polybar|warn:  Dropping unmatched character '' (U+f2db) in ' <usage> '
polybar|warn:  Dropping unmatched character '' (U+e0b3) in '2025-08-01  09:52:25'
polybar|warn:  Dropping unmatched character '' (U+e266) in ' <used_mem> '
polybar|warn:  Dropping unmatched character '' (U+f444) in ' <usage> '
polybar|warn:  Dropping unmatched character '' (U+f538) in ' <used_mem> '
polybar|warn:  Dropping unmatched character '' (U+f2db) in ' <usage> '
polybar|warn:  Dropping unmatched character '' (U+e266) in ' <used_mem> '
polybar|warn:  Dropping unmatched character '' (U+f444) in ' <usage> '
polybar|warn:  Dropping unmatched character '' (U+f538) in ' <used_mem> '
polybar|warn:  Dropping unmatched character '' (U+e266) in ' <used_mem> '
polybar|error: Parser error (reason: Invalid color: '${colors.violet' (Context: '%{F${colors.violet'))
polybar|error: Parser error (reason: Invalid color: '${colors.violet' (Context: '%{F${colors.violet'))
polybar|error: Parser error (reason: Invalid color: '${colors.violet' (Context: '%{F${colors.violet'))
polybar|warn:  Dropping unmatched character '' (U+f192) in '}} 2 '
polybar|warn:  Dropping unmatched character '' (U+f192) in '}} 2 '
polybar|warn:  Dropping unmatched character '' (U+f192) in '}} 2 '
polybar|warn:  Dropping unmatched character '' (U+e0b3) in '2025-08-01  09:52:30'
polybar|warn:  Dropping unmatched character '' (U+e0b3) in '2025-08-01  09:52:30'
polybar|warn:  Dropping unmatched character '' (U+f2db) in ' <usage> '
polybar|warn:  Dropping unmatched character '' (U+f444) in ' <usage> '
polybar|warn:  Dropping unmatched character '' (U+f2db) in ' <usage> '
polybar|warn:  Dropping unmatched character '' (U+e0b3) in '2025-08-01  09:52:30'
polybar|warn:  Dropping unmatched character '' (U+f538) in ' <used_mem> '
polybar|warn:  Dropping unmatched character '' (U+f444) in ' <usage> '
polybar|warn:  Dropping unmatched character '' (U+f538) in ' <used_mem> '
polybar|warn:  Dropping unmatched character '' (U+e266) in ' <used_mem> '
polybar|warn:  Dropping unmatched character '' (U+f2db) in ' <usage> '
polybar|warn:  Dropping unmatched character '' (U+e266) in ' <used_mem> '
polybar|warn:  Dropping unmatched character '' (U+f444) in ' <usage> '
polybar|warn:  Dropping unmatched character '' (U+f538) in ' <used_mem> '
polybar|warn:  Dropping unmatched character '' (U+e266) in ' <used_mem> '
polybar|error: Parser error (reason: Invalid color: '${colors.violet' (Context: '%{F${colors.violet'))
polybar|error: Parser error (reason: Invalid color: '${colors.violet' (Context: '%{F${colors.violet'))
polybar|error: Parser error (reason: Invalid color: '${colors.violet' (Context: '%{F${colors.violet'))
polybar|warn:  Dropping unmatched character '' (U+f192) in '}} 2 '
polybar|warn:  Dropping unmatched character '' (U+f192) in '}} 2 '
polybar|warn:  Dropping unmatched character '' (U+f192) in '}} 2 '
polybar|warn:  Dropping unmatched character '' (U+e0b3) in '2025-08-01  09:52:35'
polybar|warn:  Dropping unmatched character '' (U+f2db) in ' <usage> '
polybar|warn:  Dropping unmatched character '' (U+e0b3) in '2025-08-01  09:52:35'
polybar|warn:  Dropping unmatched character '' (U+e0b3) in '2025-08-01  09:52:35'
polybar|warn:  Dropping unmatched character '' (U+f444) in ' <usage> '
polybar|warn:  Dropping unmatched character '' (U+f538) in ' <used_mem> '
polybar|warn:  Dropping unmatched character '' (U+f2db) in ' <usage> '
polybar|warn:  Dropping unmatched character '' (U+f2db) in ' <usage> '
polybar|warn:  Dropping unmatched character '' (U+e266) in ' <used_mem> '
polybar|warn:  Dropping unmatched character '' (U+f444) in ' <usage> '
polybar|warn:  Dropping unmatched character '' (U+f444) in ' <usage> '
polybar|warn:  Dropping unmatched character '' (U+f538) in ' <used_mem> '
polybar|warn:  Dropping unmatched character '' (U+f538) in ' <used_mem> '
polybar|warn:  Dropping unmatched character '' (U+e266) in ' <used_mem> '
polybar|warn:  Dropping unmatched character '' (U+e266) in ' <used_mem> '
polybar|error: Parser error (reason: Invalid color: '${colors.violet' (Context: '%{F${colors.violet'))
polybar|error: Parser error (reason: Invalid color: '${colors.violet' (Context: '%{F${colors.violet'))
polybar|error: Parser error (reason: Invalid color: '${colors.violet' (Context: '%{F${colors.violet'))
polybar|warn:  Dropping unmatched character '' (U+f192) in '}} 2 '
polybar|warn:  Dropping unmatched character '' (U+f192) in '}} 2 '
polybar|warn:  Dropping unmatched character '' (U+f192) in '}} 2 '
polybar|warn:  Dropping unmatched character '' (U+e0b3) in '2025-08-01  09:52:40'
polybar|warn:  Dropping unmatched character '' (U+e0b3) in '2025-08-01  09:52:40'
polybar|warn:  Dropping unmatched character '' (U+e0b3) in '2025-08-01  09:52:40'
polybar|warn:  Dropping unmatched character '' (U+f2db) in ' <usage> '
polybar|warn:  Dropping unmatched character '' (U+f2db) in ' <usage> '
polybar|warn:  Dropping unmatched character '' (U+f2db) in ' <usage> '
polybar|warn:  Dropping unmatched character '' (U+f444) in ' <usage> '
polybar|warn:  Dropping unmatched character '' (U+f444) in ' <usage> '
polybar|warn:  Dropping unmatched character '' (U+f538) in ' <used_mem> '
polybar|warn:  Dropping unmatched character '' (U+f444) in ' <usage> '
polybar|warn:  Dropping unmatched character '' (U+f538) in ' <used_mem> '
polybar|warn:  Dropping unmatched character '' (U+f538) in ' <used_mem> '
polybar|warn:  Dropping unmatched character '' (U+e266) in ' <used_mem> '
polybar|warn:  Dropping unmatched character '' (U+e266) in ' <used_mem> '
polybar|warn:  Dropping unmatched character '' (U+e266) in ' <used_mem> '
polybar|error: Parser error (reason: Invalid color: '${colors.violet' (Context: '%{F${colors.violet'))
polybar|error: Parser error (reason: Invalid color: '${colors.violet' (Context: '%{F${colors.violet'))
polybar|error: Parser error (reason: Invalid color: '${colors.violet' (Context: '%{F${colors.violet'))
polybar|warn:  Dropping unmatched character '' (U+f192) in '}} 1 '
polybar|warn:  Dropping unmatched character '' (U+f192) in '}} 1 '
polybar|warn:  Dropping unmatched character '' (U+f192) in '}} 1 '
polybar|warn:  Dropping unmatched character '' (U+e0b3) in '2025-08-01  09:52:40'
polybar|warn:  Dropping unmatched character '' (U+e0b3) in '2025-08-01  09:52:40'
polybar|warn:  Dropping unmatched character '' (U+f2db) in ' <usage> '
polybar|warn:  Dropping unmatched character '' (U+e0b3) in '2025-08-01  09:52:40'
polybar|warn:  Dropping unmatched character '' (U+f2db) in ' <usage> '
polybar|warn:  Dropping unmatched character '' (U+f444) in ' <usage> '
polybar|warn:  Dropping unmatched character '' (U+f444) in ' <usage> '
polybar|warn:  Dropping unmatched character '' (U+f538) in ' <used_mem> '
polybar|warn:  Dropping unmatched character '' (U+f2db) in ' <usage> '
polybar|warn:  Dropping unmatched character '' (U+f538) in ' <used_mem> '
polybar|warn:  Dropping unmatched character '' (U+e266) in ' <used_mem> '
polybar|warn:  Dropping unmatched character '' (U+f444) in ' <usage> '
polybar|warn:  Dropping unmatched character '' (U+e266) in ' <used_mem> '
polybar|warn:  Dropping unmatched character '' (U+f538) in ' <used_mem> '
polybar|warn:  Dropping unmatched character '' (U+e266) in ' <used_mem> '
polybar|error: Parser error (reason: Invalid color: '${colors.violet' (Context: '%{F${colors.violet'))
polybar|error: Parser error (reason: Invalid color: '${colors.violet' (Context: '%{F${colors.violet'))
polybar|error: Parser error (reason: Invalid color: '${colors.violet' (Context: '%{F${colors.violet'))
polybar|warn:  Dropping unmatched character '' (U+f192) in '}} 1 '
polybar|warn:  Dropping unmatched character '' (U+f192) in '}} 1 '
polybar|warn:  Dropping unmatched character '' (U+f192) in '}} 1 '
polybar|warn:  Dropping unmatched character '' (U+e0b3) in '2025-08-01  09:52:45'
polybar|warn:  Dropping unmatched character '' (U+f2db) in ' <usage> '
polybar|warn:  Dropping unmatched character '' (U+e0b3) in '2025-08-01  09:52:45'
polybar|warn:  Dropping unmatched character '' (U+f444) in ' <usage> '
polybar|warn:  Dropping unmatched character '' (U+f538) in ' <used_mem> '
polybar|warn:  Dropping unmatched character '' (U+e0b3) in '2025-08-01  09:52:45'
polybar|warn:  Dropping unmatched character '' (U+e266) in ' <used_mem> '
polybar|warn:  Dropping unmatched character '' (U+f2db) in ' <usage> '
polybar|warn:  Dropping unmatched character '' (U+f2db) in ' <usage> '
polybar|warn:  Dropping unmatched character '' (U+f444) in ' <usage> '
polybar|warn:  Dropping unmatched character '' (U+f538) in ' <used_mem> '
polybar|warn:  Dropping unmatched character '' (U+f444) in ' <usage> '
polybar|warn:  Dropping unmatched character '' (U+f538) in ' <used_mem> '
polybar|warn:  Dropping unmatched character '' (U+e266) in ' <used_mem> '
polybar|warn:  Dropping unmatched character '' (U+e266) in ' <used_mem> '
polybar|error: Parser error (reason: Invalid color: '${colors.violet' (Context: '%{F${colors.violet'))
polybar|error: Parser error (reason: Invalid color: '${colors.violet' (Context: '%{F${colors.violet'))
polybar|error: Parser error (reason: Invalid color: '${colors.violet' (Context: '%{F${colors.violet'))
polybar|warn:  Dropping unmatched character '' (U+f192) in '}} 1 '
polybar|warn:  Dropping unmatched character '' (U+f192) in '}} 1 '
polybar|warn:  Dropping unmatched character '' (U+f192) in '}} 1 '
polybar|warn:  Dropping unmatched character '' (U+e0b3) in '2025-08-01  09:52:50'
polybar|warn:  Dropping unmatched character '' (U+f2db) in ' <usage> '
polybar|warn:  Dropping unmatched character '' (U+e0b3) in '2025-08-01  09:52:50'
polybar|warn:  Dropping unmatched character '' (U+f444) in ' <usage> '
polybar|warn:  Dropping unmatched character '' (U+f538) in ' <used_mem> '
polybar|warn:  Dropping unmatched character '' (U+e0b3) in '2025-08-01  09:52:50'
polybar|warn:  Dropping unmatched character '' (U+f2db) in ' <usage> '
polybar|warn:  Dropping unmatched character '' (U+e266) in ' <used_mem> '
polybar|warn:  Dropping unmatched character '' (U+f444) in ' <usage> '
polybar|warn:  Dropping unmatched character '' (U+f538) in ' <used_mem> '
polybar|warn:  Dropping unmatched character '' (U+e266) in ' <used_mem> '
polybar|warn:  Dropping unmatched character '' (U+f2db) in ' <usage> '
polybar|warn:  Dropping unmatched character '' (U+f444) in ' <usage> '
polybar|warn:  Dropping unmatched character '' (U+f538) in ' <used_mem> '
polybar|warn:  Dropping unmatched character '' (U+e266) in ' <used_mem> '
polybar|error: Parser error (reason: Invalid color: '${colors.violet' (Context: '%{F${colors.violet'))
polybar|warn:  Dropping unmatched character '' (U+f192) in '}} 2 '
polybar|error: Parser error (reason: Invalid color: '${colors.violet' (Context: '%{F${colors.violet'))
polybar|error: Parser error (reason: Invalid color: '${colors.violet' (Context: '%{F${colors.violet'))
polybar|warn:  Dropping unmatched character '' (U+f192) in '}} 2 '
polybar|warn:  Dropping unmatched character '' (U+f192) in '}} 2 '
polybar|warn:  Dropping unmatched character '' (U+e0b3) in '2025-08-01  09:52:50'
polybar|warn:  Dropping unmatched character '' (U+f2db) in ' <usage> '
polybar|warn:  Dropping unmatched character '' (U+f444) in ' <usage> '
polybar|warn:  Dropping unmatched character '' (U+f538) in ' <used_mem> '
polybar|warn:  Dropping unmatched character '' (U+e0b3) in '2025-08-01  09:52:50'
polybar|warn:  Dropping unmatched character '' (U+e0b3) in '2025-08-01  09:52:50'
polybar|warn:  Dropping unmatched character '' (U+e266) in ' <used_mem> '
polybar|warn:  Dropping unmatched character '' (U+f2db) in ' <usage> '
polybar|warn:  Dropping unmatched character '' (U+f2db) in ' <usage> '
polybar|warn:  Dropping unmatched character '' (U+f444) in ' <usage> '
polybar|warn:  Dropping unmatched character '' (U+f444) in ' <usage> '
polybar|warn:  Dropping unmatched character '' (U+f538) in ' <used_mem> '
polybar|warn:  Dropping unmatched character '' (U+f538) in ' <used_mem> '
polybar|warn:  Dropping unmatched character '' (U+e266) in ' <used_mem> '
polybar|warn:  Dropping unmatched character '' (U+e266) in ' <used_mem> '
polybar|warn:  module/workspaces: Attempting to reconnect socket (reason: Unexpected EOF while reading header)
polybar|warn:  module/workspaces: Attempting to reconnect socket (reason: Unexpected EOF while reading header)
polybar|warn:  module/workspaces: Attempting to reconnect socket (reason: Unexpected EOF while reading header)
polybar|error: module/workspaces: Failed to reconnect socket (reason: Failed to read header from socket 0xc: errno 104 (Connection reset by peer))
polybar|error: module/workspaces: Failed to reconnect socket (reason: Failed to read header from socket 0xc: errno 104 (Connection reset by peer))
polybar|error: module/workspaces: Failed to reconnect socket (reason: Failed to read header from socket 0xc: errno 104 (Connection reset by peer))
polybar|warn:  module/workspaces: Attempting to reconnect socket (reason: Unexpected EOF while reading header)
polybar|warn:  module/workspaces: Attempting to reconnect socket (reason: Unexpected EOF while reading header)
polybar|warn:  module/workspaces: Attempting to reconnect socket (reason: Unexpected EOF while reading header)
polybar|error: module/workspaces: Failed to reconnect socket (reason: Failed to connect to i3 at '/run/user/1000/i3/ipc-socket.1870': errno 111 (Connection refused))
polybar|error: module/workspaces: Failed to reconnect socket (reason: Failed to connect to i3 at '/run/user/1000/i3/ipc-socket.1870': errno 111 (Connection refused))
polybar|error: module/workspaces: Failed to reconnect socket (reason: Failed to connect to i3 at '/run/user/1000/i3/ipc-socket.1870': errno 111 (Connection refused))
polybar|warn:  module/workspaces: Attempting to reconnect socket (reason: Failed to read header from socket 0xc: errno 22 (Invalid argument))
polybar|warn:  module/workspaces: Attempting to reconnect socket (reason: Failed to read header from socket 0xc: errno 22 (Invalid argument))
polybar|warn:  module/workspaces: Attempting to reconnect socket (reason: Failed to read header from socket 0xc: errno 22 (Invalid argument))
polybar|error: module/workspaces: Failed to reconnect socket (reason: Failed to connect to i3 at '/run/user/1000/i3/ipc-socket.1870': errno 111 (Connection refused))
polybar|error: module/workspaces: Failed to reconnect socket (reason: Failed to connect to i3 at '/run/user/1000/i3/ipc-socket.1870': errno 111 (Connection refused))
polybar|error: module/workspaces: Failed to reconnect socket (reason: Failed to connect to i3 at '/run/user/1000/i3/ipc-socket.1870': errno 111 (Connection refused))
polybar|warn:  module/workspaces: Attempting to reconnect socket (reason: Failed to read header from socket 0xc: errno 22 (Invalid argument))
polybar|warn:  module/workspaces: Attempting to reconnect socket (reason: Failed to read header from socket 0xc: errno 22 (Invalid argument))
polybar|warn:  module/workspaces: Attempting to reconnect socket (reason: Failed to read header from socket 0xc: errno 22 (Invalid argument))
polybar|error: Parser error (reason: Invalid color: '${colors.violet' (Context: '%{F${colors.violet'))
polybar|error: Parser error (reason: Invalid color: '${colors.violet' (Context: '%{F${colors.violet'))
polybar|warn:  Dropping unmatched character '' (U+f192) in '}} 2 '
polybar|error: Parser error (reason: Invalid color: '${colors.violet' (Context: '%{F${colors.violet'))
polybar|warn:  Dropping unmatched character '' (U+f192) in '}} 2 '
polybar|warn:  Dropping unmatched character '' (U+f192) in '}} 2 '
polybar|warn:  Dropping unmatched character '' (U+e0b3) in '2025-08-01  09:52:55'
polybar|warn:  Dropping unmatched character '' (U+f2db) in ' <usage> '
polybar|warn:  Dropping unmatched character '' (U+f444) in ' <usage> '
polybar|warn:  Dropping unmatched character '' (U+f538) in ' <used_mem> '
polybar|warn:  Dropping unmatched character '' (U+e0b3) in '2025-08-01  09:52:55'
polybar|warn:  Dropping unmatched character '' (U+e0b3) in '2025-08-01  09:52:55'
polybar|warn:  Dropping unmatched character '' (U+e266) in ' <used_mem> '
polybar|warn:  Dropping unmatched character '' (U+f2db) in ' <usage> '
polybar|warn:  Dropping unmatched character '' (U+f2db) in ' <usage> '
polybar|warn:  Dropping unmatched character '' (U+f444) in ' <usage> '
polybar|warn:  Dropping unmatched character '' (U+f444) in ' <usage> '
polybar|warn:  Dropping unmatched character '' (U+f538) in ' <used_mem> '
polybar|warn:  Dropping unmatched character '' (U+f538) in ' <used_mem> '
polybar|warn:  Dropping unmatched character '' (U+e266) in ' <used_mem> '
polybar|warn:  Dropping unmatched character '' (U+e266) in ' <used_mem> '
polybar|error: Parser error (reason: Invalid color: '${colors.violet' (Context: '%{F${colors.violet'))
polybar|warn:  Dropping unmatched character '' (U+f192) in '}} 1 '
polybar|error: Parser error (reason: Invalid color: '${colors.violet' (Context: '%{F${colors.violet'))
polybar|warn:  Dropping unmatched character '' (U+f192) in '}} 1 '
polybar|warn:  Dropping unmatched character '' (U+e0b3) in '2025-08-01  09:52:55'
polybar|warn:  Dropping unmatched character '' (U+f2db) in ' <usage> '
polybar|warn:  Dropping unmatched character '' (U+e0b3) in '2025-08-01  09:52:55'
polybar|warn:  Dropping unmatched character '' (U+f444) in ' <usage> '
polybar|warn:  Dropping unmatched character '' (U+f538) in ' <used_mem> '
polybar|warn:  Dropping unmatched character '' (U+f2db) in ' <usage> '
polybar|error: Parser error (reason: Invalid color: '${colors.violet' (Context: '%{F${colors.violet'))
polybar|warn:  Dropping unmatched character '' (U+e266) in ' <used_mem> '
polybar|warn:  Dropping unmatched character '' (U+f444) in ' <usage> '
polybar|warn:  Dropping unmatched character '' (U+f538) in ' <used_mem> '
polybar|warn:  Dropping unmatched character '' (U+f192) in '}} 1 '
polybar|warn:  Dropping unmatched character '' (U+e266) in ' <used_mem> '
polybar|warn:  Dropping unmatched character '' (U+e0b3) in '2025-08-01  09:52:55'
polybar|warn:  Dropping unmatched character '' (U+f2db) in ' <usage> '
polybar|warn:  Dropping unmatched character '' (U+f444) in ' <usage> '
polybar|warn:  Dropping unmatched character '' (U+f538) in ' <used_mem> '
polybar|warn:  Dropping unmatched character '' (U+e266) in ' <used_mem> '
polybar|error: Parser error (reason: Invalid color: '${colors.violet' (Context: '%{F${colors.violet'))
polybar|error: Parser error (reason: Invalid color: '${colors.violet' (Context: '%{F${colors.violet'))
polybar|error: Parser error (reason: Invalid color: '${colors.violet' (Context: '%{F${colors.violet'))
polybar|warn:  Dropping unmatched character '' (U+f192) in '}} 2 '
polybar|warn:  Dropping unmatched character '' (U+f192) in '}} 2 '
polybar|warn:  Dropping unmatched character '' (U+f192) in '}} 2 '
polybar|warn:  Dropping unmatched character '' (U+e0b3) in '2025-08-01  09:52:55'
polybar|warn:  Dropping unmatched character '' (U+e0b3) in '2025-08-01  09:52:55'
polybar|warn:  Dropping unmatched character '' (U+e0b3) in '2025-08-01  09:52:55'
polybar|warn:  Dropping unmatched character '' (U+f2db) in ' <usage> '
polybar|warn:  Dropping unmatched character '' (U+f2db) in ' <usage> '
polybar|warn:  Dropping unmatched character '' (U+f444) in ' <usage> '
polybar|warn:  Dropping unmatched character '' (U+f444) in ' <usage> '
polybar|warn:  Dropping unmatched character '' (U+f2db) in ' <usage> '
polybar|warn:  Dropping unmatched character '' (U+f538) in ' <used_mem> '
polybar|warn:  Dropping unmatched character '' (U+f538) in ' <used_mem> '
polybar|warn:  Dropping unmatched character '' (U+f444) in ' <usage> '
polybar|warn:  Dropping unmatched character '' (U+e266) in ' <used_mem> '
polybar|warn:  Dropping unmatched character '' (U+f538) in ' <used_mem> '
polybar|warn:  Dropping unmatched character '' (U+e266) in ' <used_mem> '
polybar|warn:  Dropping unmatched character '' (U+e266) in ' <used_mem> '
polybar|error: Parser error (reason: Invalid color: '${colors.violet' (Context: '%{F${colors.violet'))
polybar|error: Parser error (reason: Invalid color: '${colors.violet' (Context: '%{F${colors.violet'))
polybar|warn:  Dropping unmatched character '' (U+f192) in '}} 2 '
polybar|warn:  Dropping unmatched character '' (U+f192) in '}} 2 '
polybar|error: Parser error (reason: Invalid color: '${colors.violet' (Context: '%{F${colors.violet'))
polybar|warn:  Dropping unmatched character '' (U+e0b3) in '2025-08-01  09:53:00'
polybar|warn:  Dropping unmatched character '' (U+f192) in '}} 2 '
polybar|warn:  Dropping unmatched character '' (U+f2db) in ' <usage> '
polybar|warn:  Dropping unmatched character '' (U+e0b3) in '2025-08-01  09:53:00'
polybar|warn:  Dropping unmatched character '' (U+f444) in ' <usage> '
polybar|warn:  Dropping unmatched character '' (U+f538) in ' <used_mem> '
polybar|warn:  Dropping unmatched character '' (U+e0b3) in '2025-08-01  09:53:00'
polybar|warn:  Dropping unmatched character '' (U+e266) in ' <used_mem> '
polybar|warn:  Dropping unmatched character '' (U+f2db) in ' <usage> '
polybar|warn:  Dropping unmatched character '' (U+f2db) in ' <usage> '
polybar|warn:  Dropping unmatched character '' (U+f444) in ' <usage> '
polybar|warn:  Dropping unmatched character '' (U+f444) in ' <usage> '
polybar|warn:  Dropping unmatched character '' (U+f538) in ' <used_mem> '
polybar|warn:  Dropping unmatched character '' (U+f538) in ' <used_mem> '
polybar|warn:  Dropping unmatched character '' (U+e266) in ' <used_mem> '
polybar|warn:  Dropping unmatched character '' (U+e266) in ' <used_mem> '
polybar|error: Parser error (reason: Invalid color: '${colors.violet' (Context: '%{F${colors.violet'))
polybar|error: Parser error (reason: Invalid color: '${colors.violet' (Context: '%{F${colors.violet'))
polybar|warn:  Dropping unmatched character '' (U+f192) in '}} 1 '
polybar|warn:  Dropping unmatched character '' (U+f192) in '}} 1 '
polybar|error: Parser error (reason: Invalid color: '${colors.violet' (Context: '%{F${colors.violet'))
polybar|warn:  Dropping unmatched character '' (U+f192) in '}} 1 '
polybar|warn:  Dropping unmatched character '' (U+e0b3) in '2025-08-01  09:53:00'
polybar|warn:  Dropping unmatched character '' (U+e0b3) in '2025-08-01  09:53:00'
polybar|warn:  Dropping unmatched character '' (U+e0b3) in '2025-08-01  09:53:00'
polybar|warn:  Dropping unmatched character '' (U+f2db) in ' <usage> '
polybar|warn:  Dropping unmatched character '' (U+f2db) in ' <usage> '
polybar|warn:  Dropping unmatched character '' (U+f2db) in ' <usage> '
polybar|warn:  Dropping unmatched character '' (U+f444) in ' <usage> '
polybar|warn:  Dropping unmatched character '' (U+f444) in ' <usage> '
polybar|warn:  Dropping unmatched character '' (U+f444) in ' <usage> '
polybar|warn:  Dropping unmatched character '' (U+f538) in ' <used_mem> '
polybar|warn:  Dropping unmatched character '' (U+f538) in ' <used_mem> '
polybar|warn:  Dropping unmatched character '' (U+f538) in ' <used_mem> '
polybar|warn:  Dropping unmatched character '' (U+e266) in ' <used_mem> '
polybar|warn:  Dropping unmatched character '' (U+e266) in ' <used_mem> '
polybar|warn:  Dropping unmatched character '' (U+e266) in ' <used_mem> '
polybar|error: Parser error (reason: Invalid color: '${colors.violet' (Context: '%{F${colors.violet'))
polybar|error: Parser error (reason: Invalid color: '${colors.violet' (Context: '%{F${colors.violet'))
polybar|warn:  Dropping unmatched character '' (U+f192) in '}} 1 '
polybar|warn:  Dropping unmatched character '' (U+f192) in '}} 1 '
polybar|error: Parser error (reason: Invalid color: '${colors.violet' (Context: '%{F${colors.violet'))
polybar|warn:  Dropping unmatched character '' (U+e0b3) in '2025-08-01  09:53:05'
polybar|warn:  Dropping unmatched character '' (U+e0b3) in '2025-08-01  09:53:05'
polybar|warn:  Dropping unmatched character '' (U+f192) in '}} 1 '
polybar|warn:  Dropping unmatched character '' (U+f2db) in ' <usage> '
polybar|warn:  Dropping unmatched character '' (U+f444) in ' <usage> '
polybar|warn:  Dropping unmatched character '' (U+f538) in ' <used_mem> '
polybar|warn:  Dropping unmatched character '' (U+f2db) in ' <usage> '
polybar|warn:  Dropping unmatched character '' (U+e266) in ' <used_mem> '
polybar|warn:  Dropping unmatched character '' (U+f444) in ' <usage> '
polybar|warn:  Dropping unmatched character '' (U+e0b3) in '2025-08-01  09:53:05'
polybar|warn:  Dropping unmatched character '' (U+f538) in ' <used_mem> '
polybar|warn:  Dropping unmatched character '' (U+e266) in ' <used_mem> '
polybar|warn:  Dropping unmatched character '' (U+f2db) in ' <usage> '
polybar|warn:  Dropping unmatched character '' (U+f444) in ' <usage> '
polybar|warn:  Dropping unmatched character '' (U+f538) in ' <used_mem> '
polybar|warn:  Dropping unmatched character '' (U+e266) in ' <used_mem> '
polybar|error: Parser error (reason: Invalid color: '${colors.violet' (Context: '%{F${colors.violet'))
polybar|error: Parser error (reason: Invalid color: '${colors.violet' (Context: '%{F${colors.violet'))
polybar|warn:  Dropping unmatched character '' (U+f192) in '}} 1 '
polybar|warn:  Dropping unmatched character '' (U+f192) in '}} 1 '
polybar|warn:  Dropping unmatched character '' (U+e0b3) in '2025-08-01  09:53:10'
polybar|warn:  Dropping unmatched character '' (U+f2db) in ' <usage> '
polybar|warn:  Dropping unmatched character '' (U+e0b3) in '2025-08-01  09:53:10'
polybar|warn:  Dropping unmatched character '' (U+f444) in ' <usage> '
polybar|warn:  Dropping unmatched character '' (U+f538) in ' <used_mem> '
polybar|warn:  Dropping unmatched character '' (U+f2db) in ' <usage> '
polybar|warn:  Dropping unmatched character '' (U+e266) in ' <used_mem> '
polybar|warn:  Dropping unmatched character '' (U+f444) in ' <usage> '
polybar|warn:  Dropping unmatched character '' (U+f538) in ' <used_mem> '
polybar|warn:  Dropping unmatched character '' (U+e266) in ' <used_mem> '
polybar|error: Parser error (reason: Invalid color: '${colors.violet' (Context: '%{F${colors.violet'))
polybar|warn:  Dropping unmatched character '' (U+f192) in '}} 1 '
polybar|warn:  Dropping unmatched character '' (U+e0b3) in '2025-08-01  09:53:10'
polybar|warn:  Dropping unmatched character '' (U+f2db) in ' <usage> '
polybar|warn:  Dropping unmatched character '' (U+f444) in ' <usage> '
polybar|warn:  Dropping unmatched character '' (U+f538) in ' <used_mem> '
polybar|warn:  Dropping unmatched character '' (U+e266) in ' <used_mem> '
polybar|error: Parser error (reason: Invalid color: '${colors.violet' (Context: '%{F${colors.violet'))
polybar|error: Parser error (reason: Invalid color: '${colors.violet' (Context: '%{F${colors.violet'))
polybar|warn:  Dropping unmatched character '' (U+f192) in '}} 2 '
polybar|warn:  Dropping unmatched character '' (U+f192) in '}} 2 '
polybar|warn:  Dropping unmatched character '' (U+e0b3) in '2025-08-01  09:53:10'
polybar|warn:  Dropping unmatched character '' (U+e0b3) in '2025-08-01  09:53:10'
polybar|warn:  Dropping unmatched character '' (U+f2db) in ' <usage> '
polybar|warn:  Dropping unmatched character '' (U+f2db) in ' <usage> '
polybar|warn:  Dropping unmatched character '' (U+f444) in ' <usage> '
polybar|warn:  Dropping unmatched character '' (U+f444) in ' <usage> '
polybar|warn:  Dropping unmatched character '' (U+f538) in ' <used_mem> '
polybar|warn:  Dropping unmatched character '' (U+f538) in ' <used_mem> '
polybar|warn:  Dropping unmatched character '' (U+e266) in ' <used_mem> '
polybar|warn:  Dropping unmatched character '' (U+e266) in ' <used_mem> '
polybar|error: Parser error (reason: Invalid color: '${colors.violet' (Context: '%{F${colors.violet'))
polybar|warn:  Dropping unmatched character '' (U+f192) in '}} 2 '
polybar|warn:  Dropping unmatched character '' (U+e0b3) in '2025-08-01  09:53:10'
polybar|warn:  Dropping unmatched character '' (U+f2db) in ' <usage> '
polybar|warn:  Dropping unmatched character '' (U+f444) in ' <usage> '
polybar|warn:  Dropping unmatched character '' (U+f538) in ' <used_mem> '
polybar|warn:  Dropping unmatched character '' (U+e266) in ' <used_mem> '
polybar|error: Parser error (reason: Invalid color: '${colors.violet' (Context: '%{F${colors.violet'))
polybar|error: Parser error (reason: Invalid color: '${colors.violet' (Context: '%{F${colors.violet'))
polybar|error: Parser error (reason: Invalid color: '${colors.violet' (Context: '%{F${colors.violet'))
polybar|warn:  Dropping unmatched character '' (U+f192) in '}} 2 '
polybar|warn:  Dropping unmatched character '' (U+f192) in '}} 2 '
polybar|warn:  Dropping unmatched character '' (U+f192) in '}} 2 '
polybar|warn:  Dropping unmatched character '' (U+e0b3) in '2025-08-01  09:53:15'
polybar|warn:  Dropping unmatched character '' (U+e0b3) in '2025-08-01  09:53:15'
polybar|warn:  Dropping unmatched character '' (U+e0b3) in '2025-08-01  09:53:15'
polybar|warn:  Dropping unmatched character '' (U+f2db) in ' <usage> '
polybar|warn:  Dropping unmatched character '' (U+f444) in ' <usage> '
polybar|warn:  Dropping unmatched character '' (U+f538) in ' <used_mem> '
polybar|warn:  Dropping unmatched character '' (U+f2db) in ' <usage> '
polybar|warn:  Dropping unmatched character '' (U+f2db) in ' <usage> '
polybar|warn:  Dropping unmatched character '' (U+e266) in ' <used_mem> '
polybar|warn:  Dropping unmatched character '' (U+f444) in ' <usage> '
polybar|warn:  Dropping unmatched character '' (U+f444) in ' <usage> '
polybar|warn:  Dropping unmatched character '' (U+f538) in ' <used_mem> '
polybar|warn:  Dropping unmatched character '' (U+f538) in ' <used_mem> '
polybar|warn:  Dropping unmatched character '' (U+e266) in ' <used_mem> '
polybar|warn:  Dropping unmatched character '' (U+e266) in ' <used_mem> '
polybar|error: Parser error (reason: Invalid color: '${colors.violet' (Context: '%{F${colors.violet'))
polybar|error: Parser error (reason: Invalid color: '${colors.violet' (Context: '%{F${colors.violet'))
polybar|warn:  Dropping unmatched character '' (U+f192) in '}} 1 '
polybar|warn:  Dropping unmatched character '' (U+f192) in '}} 1 '
polybar|warn:  Dropping unmatched character '' (U+e0b3) in '2025-08-01  09:53:15'
polybar|warn:  Dropping unmatched character '' (U+e0b3) in '2025-08-01  09:53:15'
polybar|warn:  Dropping unmatched character '' (U+f2db) in ' <usage> '
polybar|warn:  Dropping unmatched character '' (U+f2db) in ' <usage> '
polybar|warn:  Dropping unmatched character '' (U+f444) in ' <usage> '
polybar|warn:  Dropping unmatched character '' (U+f538) in ' <used_mem> '
polybar|warn:  Dropping unmatched character '' (U+f444) in ' <usage> '
polybar|warn:  Dropping unmatched character '' (U+e266) in ' <used_mem> '
polybar|warn:  Dropping unmatched character '' (U+f538) in ' <used_mem> '
polybar|warn:  Dropping unmatched character '' (U+e266) in ' <used_mem> '
polybar|error: Parser error (reason: Invalid color: '${colors.violet' (Context: '%{F${colors.violet'))
polybar|warn:  Dropping unmatched character '' (U+f192) in '}} 1 '
polybar|warn:  Dropping unmatched character '' (U+e0b3) in '2025-08-01  09:53:15'
polybar|warn:  Dropping unmatched character '' (U+f2db) in ' <usage> '
polybar|warn:  Dropping unmatched character '' (U+f444) in ' <usage> '
polybar|warn:  Dropping unmatched character '' (U+f538) in ' <used_mem> '
polybar|warn:  Dropping unmatched character '' (U+e266) in ' <used_mem> '
polybar|error: Parser error (reason: Invalid color: '${colors.violet' (Context: '%{F${colors.violet'))
polybar|error: Parser error (reason: Invalid color: '${colors.violet' (Context: '%{F${colors.violet'))
polybar|error: Parser error (reason: Invalid color: '${colors.violet' (Context: '%{F${colors.violet'))
polybar|warn:  Dropping unmatched character '' (U+f192) in '}} 1 '
polybar|warn:  Dropping unmatched character '' (U+f192) in '}} 1 '
polybar|warn:  Dropping unmatched character '' (U+f192) in '}} 1 '
polybar|warn:  Dropping unmatched character '' (U+e0b3) in '2025-08-01  09:53:20'
polybar|warn:  Dropping unmatched character '' (U+e0b3) in '2025-08-01  09:53:20'
polybar|warn:  Dropping unmatched character '' (U+f2db) in ' <usage> '
polybar|warn:  Dropping unmatched character '' (U+f2db) in ' <usage> '
polybar|warn:  Dropping unmatched character '' (U+f444) in ' <usage> '
polybar|warn:  Dropping unmatched character '' (U+f444) in ' <usage> '
polybar|warn:  Dropping unmatched character '' (U+f538) in ' <used_mem> '
polybar|warn:  Dropping unmatched character '' (U+e0b3) in '2025-08-01  09:53:20'
polybar|warn:  Dropping unmatched character '' (U+f538) in ' <used_mem> '
polybar|warn:  Dropping unmatched character '' (U+e266) in ' <used_mem> '
polybar|warn:  Dropping unmatched character '' (U+e266) in ' <used_mem> '
polybar|warn:  Dropping unmatched character '' (U+f2db) in ' <usage> '
polybar|warn:  Dropping unmatched character '' (U+f444) in ' <usage> '
polybar|warn:  Dropping unmatched character '' (U+f538) in ' <used_mem> '
polybar|warn:  Dropping unmatched character '' (U+e266) in ' <used_mem> '
polybar|error: Parser error (reason: Invalid color: '${colors.violet' (Context: '%{F${colors.violet'))
polybar|error: Parser error (reason: Invalid color: '${colors.violet' (Context: '%{F${colors.violet'))
polybar|error: Parser error (reason: Invalid color: '${colors.violet' (Context: '%{F${colors.violet'))
polybar|warn:  Dropping unmatched character '' (U+f192) in '}} 2 '
polybar|warn:  Dropping unmatched character '' (U+f192) in '}} 2 '
polybar|warn:  Dropping unmatched character '' (U+f192) in '}} 2 '
polybar|warn:  Dropping unmatched character '' (U+e0b3) in '2025-08-01  09:53:20'
polybar|warn:  Dropping unmatched character '' (U+f2db) in ' <usage> '
polybar|warn:  Dropping unmatched character '' (U+e0b3) in '2025-08-01  09:53:20'
polybar|warn:  Dropping unmatched character '' (U+e0b3) in '2025-08-01  09:53:20'
polybar|warn:  Dropping unmatched character '' (U+f444) in ' <usage> '
polybar|warn:  Dropping unmatched character '' (U+f538) in ' <used_mem> '
polybar|warn:  Dropping unmatched character '' (U+e266) in ' <used_mem> '
polybar|warn:  Dropping unmatched character '' (U+f2db) in ' <usage> '
polybar|warn:  Dropping unmatched character '' (U+f2db) in ' <usage> '
polybar|warn:  Dropping unmatched character '' (U+f444) in ' <usage> '
polybar|warn:  Dropping unmatched character '' (U+f538) in ' <used_mem> '
polybar|warn:  Dropping unmatched character '' (U+f444) in ' <usage> '
polybar|warn:  Dropping unmatched character '' (U+f538) in ' <used_mem> '
polybar|warn:  Dropping unmatched character '' (U+e266) in ' <used_mem> '
polybar|warn:  Dropping unmatched character '' (U+e266) in ' <used_mem> '
polybar|error: Parser error (reason: Invalid color: '${colors.violet' (Context: '%{F${colors.violet'))
polybar|error: Parser error (reason: Invalid color: '${colors.violet' (Context: '%{F${colors.violet'))
polybar|warn:  Dropping unmatched character '' (U+f192) in '}} 1 '
polybar|warn:  Dropping unmatched character '' (U+f192) in '}} 1 '
polybar|warn:  Dropping unmatched character '' (U+e0b3) in '2025-08-01  09:53:20'
polybar|error: Parser error (reason: Invalid color: '${colors.violet' (Context: '%{F${colors.violet'))
polybar|warn:  Dropping unmatched character '' (U+f2db) in ' <usage> '
polybar|warn:  Dropping unmatched character '' (U+e0b3) in '2025-08-01  09:53:20'
polybar|warn:  Dropping unmatched character '' (U+f444) in ' <usage> '
polybar|warn:  Dropping unmatched character '' (U+f192) in '}} 1 '
polybar|warn:  Dropping unmatched character '' (U+f538) in ' <used_mem> '
polybar|warn:  Dropping unmatched character '' (U+e266) in ' <used_mem> '
polybar|warn:  Dropping unmatched character '' (U+f2db) in ' <usage> '
polybar|warn:  Dropping unmatched character '' (U+e0b3) in '2025-08-01  09:53:20'
polybar|warn:  Dropping unmatched character '' (U+f444) in ' <usage> '
polybar|warn:  Dropping unmatched character '' (U+f538) in ' <used_mem> '
polybar|warn:  Dropping unmatched character '' (U+f2db) in ' <usage> '
polybar|warn:  Dropping unmatched character '' (U+e266) in ' <used_mem> '
polybar|warn:  Dropping unmatched character '' (U+f444) in ' <usage> '
polybar|warn:  Dropping unmatched character '' (U+f538) in ' <used_mem> '
polybar|warn:  Dropping unmatched character '' (U+e266) in ' <used_mem> '
polybar|error: Parser error (reason: Invalid color: '${colors.violet' (Context: '%{F${colors.violet'))
polybar|error: Parser error (reason: Invalid color: '${colors.violet' (Context: '%{F${colors.violet'))
polybar|error: Parser error (reason: Invalid color: '${colors.violet' (Context: '%{F${colors.violet'))
polybar|warn:  Dropping unmatched character '' (U+f192) in '}} 1 '
polybar|warn:  Dropping unmatched character '' (U+f192) in '}} 1 '
polybar|warn:  Dropping unmatched character '' (U+f192) in '}} 1 '
polybar|warn:  Dropping unmatched character '' (U+e0b3) in '2025-08-01  09:53:25'
polybar|warn:  Dropping unmatched character '' (U+e0b3) in '2025-08-01  09:53:25'
polybar|warn:  Dropping unmatched character '' (U+e0b3) in '2025-08-01  09:53:25'
polybar|warn:  Dropping unmatched character '' (U+f2db) in ' <usage> '
polybar|warn:  Dropping unmatched character '' (U+f2db) in ' <usage> '
polybar|warn:  Dropping unmatched character '' (U+f444) in ' <usage> '
polybar|warn:  Dropping unmatched character '' (U+f444) in ' <usage> '
polybar|warn:  Dropping unmatched character '' (U+f2db) in ' <usage> '
polybar|warn:  Dropping unmatched character '' (U+f538) in ' <used_mem> '
polybar|warn:  Dropping unmatched character '' (U+f538) in ' <used_mem> '
polybar|warn:  Dropping unmatched character '' (U+f444) in ' <usage> '
polybar|warn:  Dropping unmatched character '' (U+e266) in ' <used_mem> '
polybar|warn:  Dropping unmatched character '' (U+e266) in ' <used_mem> '
polybar|warn:  Dropping unmatched character '' (U+f538) in ' <used_mem> '
polybar|warn:  Dropping unmatched character '' (U+e266) in ' <used_mem> '
polybar|error: Parser error (reason: Invalid color: '${colors.violet' (Context: '%{F${colors.violet'))
polybar|error: Parser error (reason: Invalid color: '${colors.violet' (Context: '%{F${colors.violet'))
polybar|error: Parser error (reason: Invalid color: '${colors.violet' (Context: '%{F${colors.violet'))
polybar|warn:  Dropping unmatched character '' (U+f192) in '}} 2 '
polybar|warn:  Dropping unmatched character '' (U+f192) in '}} 2 '
polybar|warn:  Dropping unmatched character '' (U+f192) in '}} 2 '
polybar|warn:  Dropping unmatched character '' (U+e0b3) in '2025-08-01  09:53:25'
polybar|warn:  Dropping unmatched character '' (U+f2db) in ' <usage> '
polybar|warn:  Dropping unmatched character '' (U+e0b3) in '2025-08-01  09:53:25'
polybar|warn:  Dropping unmatched character '' (U+f444) in ' <usage> '
polybar|warn:  Dropping unmatched character '' (U+e0b3) in '2025-08-01  09:53:25'
polybar|warn:  Dropping unmatched character '' (U+f538) in ' <used_mem> '
polybar|warn:  Dropping unmatched character '' (U+e266) in ' <used_mem> '
polybar|warn:  Dropping unmatched character '' (U+f2db) in ' <usage> '
polybar|warn:  Dropping unmatched character '' (U+f2db) in ' <usage> '
polybar|warn:  Dropping unmatched character '' (U+f444) in ' <usage> '
polybar|warn:  Dropping unmatched character '' (U+f538) in ' <used_mem> '
polybar|warn:  Dropping unmatched character '' (U+f444) in ' <usage> '
polybar|warn:  Dropping unmatched character '' (U+e266) in ' <used_mem> '
polybar|warn:  Dropping unmatched character '' (U+f538) in ' <used_mem> '
polybar|warn:  Dropping unmatched character '' (U+e266) in ' <used_mem> '
polybar|error: Parser error (reason: Invalid color: '${colors.violet' (Context: '%{F${colors.violet'))
polybar|error: Parser error (reason: Invalid color: '${colors.violet' (Context: '%{F${colors.violet'))
polybar|error: Parser error (reason: Invalid color: '${colors.violet' (Context: '%{F${colors.violet'))
polybar|warn:  Dropping unmatched character '' (U+f192) in '}} 2 '
polybar|warn:  Dropping unmatched character '' (U+f192) in '}} 2 '
polybar|warn:  Dropping unmatched character '' (U+f192) in '}} 2 '
polybar|warn:  Dropping unmatched character '' (U+e0b3) in '2025-08-01  09:53:30'
polybar|warn:  Dropping unmatched character '' (U+e0b3) in '2025-08-01  09:53:30'
polybar|warn:  Dropping unmatched character '' (U+f2db) in ' <usage> '
polybar|warn:  Dropping unmatched character '' (U+f444) in ' <usage> '
polybar|warn:  Dropping unmatched character '' (U+f2db) in ' <usage> '
polybar|warn:  Dropping unmatched character '' (U+f538) in ' <used_mem> '
polybar|warn:  Dropping unmatched character '' (U+f444) in ' <usage> '
polybar|warn:  Dropping unmatched character '' (U+e266) in ' <used_mem> '
polybar|warn:  Dropping unmatched character '' (U+e0b3) in '2025-08-01  09:53:30'
polybar|warn:  Dropping unmatched character '' (U+f538) in ' <used_mem> '
polybar|warn:  Dropping unmatched character '' (U+e266) in ' <used_mem> '
polybar|warn:  Dropping unmatched character '' (U+f2db) in ' <usage> '
polybar|warn:  Dropping unmatched character '' (U+f444) in ' <usage> '
polybar|warn:  Dropping unmatched character '' (U+f538) in ' <used_mem> '
polybar|warn:  Dropping unmatched character '' (U+e266) in ' <used_mem> '
polybar|error: Parser error (reason: Invalid color: '${colors.violet' (Context: '%{F${colors.violet'))
polybar|error: Parser error (reason: Invalid color: '${colors.violet' (Context: '%{F${colors.violet'))
polybar|warn:  Dropping unmatched character '' (U+f192) in '}} 1 '
polybar|warn:  Dropping unmatched character '' (U+f192) in '}} 1 '
polybar|warn:  Dropping unmatched character '' (U+e0b3) in '2025-08-01  09:53:30'
polybar|warn:  Dropping unmatched character '' (U+f2db) in ' <usage> '
polybar|warn:  Dropping unmatched character '' (U+e0b3) in '2025-08-01  09:53:30'
polybar|warn:  Dropping unmatched character '' (U+f444) in ' <usage> '
polybar|warn:  Dropping unmatched character '' (U+f538) in ' <used_mem> '
polybar|warn:  Dropping unmatched character '' (U+e266) in ' <used_mem> '
polybar|warn:  Dropping unmatched character '' (U+f2db) in ' <usage> '
polybar|warn:  Dropping unmatched character '' (U+f444) in ' <usage> '
polybar|warn:  Dropping unmatched character '' (U+f538) in ' <used_mem> '
polybar|warn:  Dropping unmatched character '' (U+e266) in ' <used_mem> '
polybar|error: Parser error (reason: Invalid color: '${colors.violet' (Context: '%{F${colors.violet'))
polybar|warn:  Dropping unmatched character '' (U+f192) in '}} 1 '
polybar|warn:  Dropping unmatched character '' (U+e0b3) in '2025-08-01  09:53:30'
polybar|warn:  Dropping unmatched character '' (U+f2db) in ' <usage> '
polybar|warn:  Dropping unmatched character '' (U+f444) in ' <usage> '
polybar|warn:  Dropping unmatched character '' (U+f538) in ' <used_mem> '
polybar|warn:  Dropping unmatched character '' (U+e266) in ' <used_mem> '
polybar|error: Parser error (reason: Invalid color: '${colors.violet' (Context: '%{F${colors.violet'))
polybar|error: Parser error (reason: Invalid color: '${colors.violet' (Context: '%{F${colors.violet'))
polybar|error: Parser error (reason: Invalid color: '${colors.violet' (Context: '%{F${colors.violet'))
polybar|warn:  Dropping unmatched character '' (U+f192) in '}} 2 '
polybar|warn:  Dropping unmatched character '' (U+f192) in '}} 2 '
polybar|warn:  Dropping unmatched character '' (U+f192) in '}} 2 '
polybar|warn:  Dropping unmatched character '' (U+e0b3) in '2025-08-01  09:53:30'
polybar|warn:  Dropping unmatched character '' (U+e0b3) in '2025-08-01  09:53:30'
polybar|warn:  Dropping unmatched character '' (U+e0b3) in '2025-08-01  09:53:30'
polybar|warn:  Dropping unmatched character '' (U+f2db) in ' <usage> '
polybar|warn:  Dropping unmatched character '' (U+f2db) in ' <usage> '
polybar|warn:  Dropping unmatched character '' (U+f444) in ' <usage> '
polybar|warn:  Dropping unmatched character '' (U+f538) in ' <used_mem> '
polybar|warn:  Dropping unmatched character '' (U+f444) in ' <usage> '
polybar|warn:  Dropping unmatched character '' (U+f2db) in ' <usage> '
polybar|warn:  Dropping unmatched character '' (U+e266) in ' <used_mem> '
polybar|warn:  Dropping unmatched character '' (U+f538) in ' <used_mem> '
polybar|warn:  Dropping unmatched character '' (U+f444) in ' <usage> '
polybar|warn:  Dropping unmatched character '' (U+f538) in ' <used_mem> '
polybar|warn:  Dropping unmatched character '' (U+e266) in ' <used_mem> '
polybar|warn:  Dropping unmatched character '' (U+e266) in ' <used_mem> '
polybar|error: Parser error (reason: Invalid color: '${colors.violet' (Context: '%{F${colors.violet'))
polybar|error: Parser error (reason: Invalid color: '${colors.violet' (Context: '%{F${colors.violet'))
polybar|error: Parser error (reason: Invalid color: '${colors.violet' (Context: '%{F${colors.violet'))
polybar|warn:  Dropping unmatched character '' (U+f192) in '}} 2 '
polybar|warn:  Dropping unmatched character '' (U+f192) in '}} 2 '
polybar|warn:  Dropping unmatched character '' (U+f192) in '}} 2 '
polybar|warn:  Dropping unmatched character '' (U+e0b3) in '2025-08-01  09:53:35'
polybar|warn:  Dropping unmatched character '' (U+e0b3) in '2025-08-01  09:53:35'
polybar|warn:  Dropping unmatched character '' (U+f2db) in ' <usage> '
polybar|warn:  Dropping unmatched character '' (U+f2db) in ' <usage> '
polybar|warn:  Dropping unmatched character '' (U+e0b3) in '2025-08-01  09:53:35'
polybar|warn:  Dropping unmatched character '' (U+f444) in ' <usage> '
polybar|warn:  Dropping unmatched character '' (U+f444) in ' <usage> '
polybar|warn:  Dropping unmatched character '' (U+f538) in ' <used_mem> '
polybar|warn:  Dropping unmatched character '' (U+f2db) in ' <usage> '
polybar|warn:  Dropping unmatched character '' (U+f538) in ' <used_mem> '
polybar|warn:  Dropping unmatched character '' (U+e266) in ' <used_mem> '
polybar|warn:  Dropping unmatched character '' (U+f444) in ' <usage> '
polybar|warn:  Dropping unmatched character '' (U+e266) in ' <used_mem> '
polybar|warn:  Dropping unmatched character '' (U+f538) in ' <used_mem> '
polybar|warn:  Dropping unmatched character '' (U+e266) in ' <used_mem> '
polybar|error: Parser error (reason: Invalid color: '${colors.violet' (Context: '%{F${colors.violet'))
polybar|error: Parser error (reason: Invalid color: '${colors.violet' (Context: '%{F${colors.violet'))
polybar|error: Parser error (reason: Invalid color: '${colors.violet' (Context: '%{F${colors.violet'))
polybar|warn:  Dropping unmatched character '' (U+f192) in '}} 2 '
polybar|warn:  Dropping unmatched character '' (U+f192) in '}} 2 '
polybar|warn:  Dropping unmatched character '' (U+f192) in '}} 2 '
polybar|warn:  Dropping unmatched character '' (U+e0b3) in '2025-08-01  09:53:40'
polybar|warn:  Dropping unmatched character '' (U+e0b3) in '2025-08-01  09:53:40'
polybar|warn:  Dropping unmatched character '' (U+f2db) in ' <usage> '
polybar|warn:  Dropping unmatched character '' (U+e0b3) in '2025-08-01  09:53:40'
polybar|warn:  Dropping unmatched character '' (U+f2db) in ' <usage> '
polybar|warn:  Dropping unmatched character '' (U+f444) in ' <usage> '
polybar|warn:  Dropping unmatched character '' (U+f538) in ' <used_mem> '
polybar|warn:  Dropping unmatched character '' (U+f444) in ' <usage> '
polybar|warn:  Dropping unmatched character '' (U+f2db) in ' <usage> '
polybar|warn:  Dropping unmatched character '' (U+f538) in ' <used_mem> '
polybar|warn:  Dropping unmatched character '' (U+e266) in ' <used_mem> '
polybar|warn:  Dropping unmatched character '' (U+f444) in ' <usage> '
polybar|warn:  Dropping unmatched character '' (U+e266) in ' <used_mem> '
polybar|warn:  Dropping unmatched character '' (U+f538) in ' <used_mem> '
polybar|warn:  Dropping unmatched character '' (U+e266) in ' <used_mem> '
polybar|error: Parser error (reason: Invalid color: '${colors.violet' (Context: '%{F${colors.violet'))
polybar|error: Parser error (reason: Invalid color: '${colors.violet' (Context: '%{F${colors.violet'))
polybar|warn:  Dropping unmatched character '' (U+f192) in '}} 2 '
polybar|warn:  Dropping unmatched character '' (U+f192) in '}} 2 '
polybar|warn:  Dropping unmatched character '' (U+e0b3) in '2025-08-01  09:53:45'
polybar|warn:  Dropping unmatched character '' (U+e0b3) in '2025-08-01  09:53:45'
polybar|error: Parser error (reason: Invalid color: '${colors.violet' (Context: '%{F${colors.violet'))
polybar|warn:  Dropping unmatched character '' (U+f2db) in ' <usage> '
polybar|warn:  Dropping unmatched character '' (U+f2db) in ' <usage> '
polybar|warn:  Dropping unmatched character '' (U+f444) in ' <usage> '
polybar|warn:  Dropping unmatched character '' (U+f444) in ' <usage> '
polybar|warn:  Dropping unmatched character '' (U+f538) in ' <used_mem> '
polybar|warn:  Dropping unmatched character '' (U+f192) in '}} 2 '
polybar|warn:  Dropping unmatched character '' (U+f538) in ' <used_mem> '
polybar|warn:  Dropping unmatched character '' (U+e266) in ' <used_mem> '
polybar|warn:  Dropping unmatched character '' (U+e266) in ' <used_mem> '
polybar|warn:  Dropping unmatched character '' (U+e0b3) in '2025-08-01  09:53:45'
polybar|warn:  Dropping unmatched character '' (U+f2db) in ' <usage> '
polybar|warn:  Dropping unmatched character '' (U+f444) in ' <usage> '
polybar|warn:  Dropping unmatched character '' (U+f538) in ' <used_mem> '
polybar|warn:  Dropping unmatched character '' (U+e266) in ' <used_mem> '
polybar|error: Parser error (reason: Invalid color: '${colors.violet' (Context: '%{F${colors.violet'))
polybar|error: Parser error (reason: Invalid color: '${colors.violet' (Context: '%{F${colors.violet'))
polybar|warn:  Dropping unmatched character '' (U+f192) in '}} 2 '
polybar|error: Parser error (reason: Invalid color: '${colors.violet' (Context: '%{F${colors.violet'))
polybar|warn:  Dropping unmatched character '' (U+f192) in '}} 2 '
polybar|warn:  Dropping unmatched character '' (U+e0b3) in '2025-08-01  09:53:50'
polybar|warn:  Dropping unmatched character '' (U+f192) in '}} 2 '
polybar|warn:  Dropping unmatched character '' (U+f2db) in ' <usage> '
polybar|warn:  Dropping unmatched character '' (U+f444) in ' <usage> '
polybar|warn:  Dropping unmatched character '' (U+f538) in ' <used_mem> '
polybar|warn:  Dropping unmatched character '' (U+e0b3) in '2025-08-01  09:53:50'
polybar|warn:  Dropping unmatched character '' (U+e266) in ' <used_mem> '
polybar|warn:  Dropping unmatched character '' (U+e0b3) in '2025-08-01  09:53:50'
polybar|warn:  Dropping unmatched character '' (U+f2db) in ' <usage> '
polybar|warn:  Dropping unmatched character '' (U+f444) in ' <usage> '
polybar|warn:  Dropping unmatched character '' (U+f2db) in ' <usage> '
polybar|warn:  Dropping unmatched character '' (U+f538) in ' <used_mem> '
polybar|warn:  Dropping unmatched character '' (U+f444) in ' <usage> '
polybar|warn:  Dropping unmatched character '' (U+e266) in ' <used_mem> '
polybar|warn:  Dropping unmatched character '' (U+f538) in ' <used_mem> '
polybar|warn:  Dropping unmatched character '' (U+e266) in ' <used_mem> '
polybar|error: Parser error (reason: Invalid color: '${colors.violet' (Context: '%{F${colors.violet'))
polybar|error: Parser error (reason: Invalid color: '${colors.violet' (Context: '%{F${colors.violet'))
polybar|error: Parser error (reason: Invalid color: '${colors.violet' (Context: '%{F${colors.violet'))
polybar|warn:  Dropping unmatched character '' (U+f192) in '}} 2 '
polybar|warn:  Dropping unmatched character '' (U+f192) in '}} 2 '
polybar|warn:  Dropping unmatched character '' (U+f192) in '}} 2 '
polybar|warn:  Dropping unmatched character '' (U+e0b3) in '2025-08-01  09:53:55'
polybar|warn:  Dropping unmatched character '' (U+e0b3) in '2025-08-01  09:53:55'
polybar|warn:  Dropping unmatched character '' (U+e0b3) in '2025-08-01  09:53:55'
polybar|warn:  Dropping unmatched character '' (U+f2db) in ' <usage> '
polybar|warn:  Dropping unmatched character '' (U+f2db) in ' <usage> '
polybar|warn:  Dropping unmatched character '' (U+f444) in ' <usage> '
polybar|warn:  Dropping unmatched character '' (U+f2db) in ' <usage> '
polybar|warn:  Dropping unmatched character '' (U+f444) in ' <usage> '
polybar|warn:  Dropping unmatched character '' (U+f538) in ' <used_mem> '
polybar|warn:  Dropping unmatched character '' (U+f538) in ' <used_mem> '
polybar|warn:  Dropping unmatched character '' (U+f444) in ' <usage> '
polybar|warn:  Dropping unmatched character '' (U+e266) in ' <used_mem> '
polybar|warn:  Dropping unmatched character '' (U+f538) in ' <used_mem> '
polybar|warn:  Dropping unmatched character '' (U+e266) in ' <used_mem> '
polybar|warn:  Dropping unmatched character '' (U+e266) in ' <used_mem> '
polybar|error: Parser error (reason: Invalid color: '${colors.violet' (Context: '%{F${colors.violet'))
polybar|error: Parser error (reason: Invalid color: '${colors.violet' (Context: '%{F${colors.violet'))
polybar|error: Parser error (reason: Invalid color: '${colors.violet' (Context: '%{F${colors.violet'))
polybar|warn:  Dropping unmatched character '' (U+f192) in '}} 2 '
polybar|warn:  Dropping unmatched character '' (U+f192) in '}} 2 '
polybar|warn:  Dropping unmatched character '' (U+f192) in '}} 2 '
polybar|warn:  Dropping unmatched character '' (U+e0b3) in '2025-08-01  09:54:00'
polybar|warn:  Dropping unmatched character '' (U+f2db) in ' <usage> '
polybar|warn:  Dropping unmatched character '' (U+f444) in ' <usage> '
polybar|warn:  Dropping unmatched character '' (U+e0b3) in '2025-08-01  09:54:00'
polybar|warn:  Dropping unmatched character '' (U+f538) in ' <used_mem> '
polybar|warn:  Dropping unmatched character '' (U+e0b3) in '2025-08-01  09:54:00'
polybar|warn:  Dropping unmatched character '' (U+f2db) in ' <usage> '
polybar|warn:  Dropping unmatched character '' (U+e266) in ' <used_mem> '
polybar|warn:  Dropping unmatched character '' (U+f2db) in ' <usage> '
polybar|warn:  Dropping unmatched character '' (U+f444) in ' <usage> '
polybar|warn:  Dropping unmatched character '' (U+f444) in ' <usage> '
polybar|warn:  Dropping unmatched character '' (U+f538) in ' <used_mem> '
polybar|warn:  Dropping unmatched character '' (U+f538) in ' <used_mem> '
polybar|warn:  Dropping unmatched character '' (U+e266) in ' <used_mem> '
polybar|warn:  Dropping unmatched character '' (U+e266) in ' <used_mem> '
polybar|error: Parser error (reason: Invalid color: '${colors.violet' (Context: '%{F${colors.violet'))
polybar|error: Parser error (reason: Invalid color: '${colors.violet' (Context: '%{F${colors.violet'))
polybar|error: Parser error (reason: Invalid color: '${colors.violet' (Context: '%{F${colors.violet'))
polybar|warn:  Dropping unmatched character '' (U+f192) in '}} 2 '
polybar|warn:  Dropping unmatched character '' (U+f192) in '}} 2 '
polybar|warn:  Dropping unmatched character '' (U+f192) in '}} 2 '
polybar|warn:  Dropping unmatched character '' (U+e0b3) in '2025-08-01  09:54:05'
polybar|warn:  Dropping unmatched character '' (U+e0b3) in '2025-08-01  09:54:05'
polybar|warn:  Dropping unmatched character '' (U+f2db) in ' <usage> '
polybar|warn:  Dropping unmatched character '' (U+f2db) in ' <usage> '
polybar|warn:  Dropping unmatched character '' (U+f444) in ' <usage> '
polybar|warn:  Dropping unmatched character '' (U+f538) in ' <used_mem> '
polybar|warn:  Dropping unmatched character '' (U+f444) in ' <usage> '
polybar|warn:  Dropping unmatched character '' (U+e0b3) in '2025-08-01  09:54:05'
polybar|warn:  Dropping unmatched character '' (U+f538) in ' <used_mem> '
polybar|warn:  Dropping unmatched character '' (U+e266) in ' <used_mem> '
polybar|warn:  Dropping unmatched character '' (U+e266) in ' <used_mem> '
polybar|warn:  Dropping unmatched character '' (U+f2db) in ' <usage> '
polybar|warn:  Dropping unmatched character '' (U+f444) in ' <usage> '
polybar|warn:  Dropping unmatched character '' (U+f538) in ' <used_mem> '
polybar|warn:  Dropping unmatched character '' (U+e266) in ' <used_mem> '
polybar|error: Parser error (reason: Invalid color: '${colors.violet' (Context: '%{F${colors.violet'))
polybar|error: Parser error (reason: Invalid color: '${colors.violet' (Context: '%{F${colors.violet'))
polybar|warn:  Dropping unmatched character '' (U+f192) in '}} 2 '
polybar|error: Parser error (reason: Invalid color: '${colors.violet' (Context: '%{F${colors.violet'))
polybar|warn:  Dropping unmatched character '' (U+f192) in '}} 2 '
polybar|warn:  Dropping unmatched character '' (U+f192) in '}} 2 '
polybar|warn:  Dropping unmatched character '' (U+e0b3) in '2025-08-01  09:54:10'
polybar|warn:  Dropping unmatched character '' (U+e0b3) in '2025-08-01  09:54:10'
polybar|warn:  Dropping unmatched character '' (U+f2db) in ' <usage> '
polybar|warn:  Dropping unmatched character '' (U+f2db) in ' <usage> '
polybar|warn:  Dropping unmatched character '' (U+f444) in ' <usage> '
polybar|warn:  Dropping unmatched character '' (U+e0b3) in '2025-08-01  09:54:10'
polybar|warn:  Dropping unmatched character '' (U+f538) in ' <used_mem> '
polybar|warn:  Dropping unmatched character '' (U+f444) in ' <usage> '
polybar|warn:  Dropping unmatched character '' (U+f538) in ' <used_mem> '
polybar|warn:  Dropping unmatched character '' (U+e266) in ' <used_mem> '
polybar|warn:  Dropping unmatched character '' (U+f2db) in ' <usage> '
polybar|warn:  Dropping unmatched character '' (U+e266) in ' <used_mem> '
polybar|warn:  Dropping unmatched character '' (U+f444) in ' <usage> '
polybar|warn:  Dropping unmatched character '' (U+f538) in ' <used_mem> '
polybar|warn:  Dropping unmatched character '' (U+e266) in ' <used_mem> '
polybar|error: Parser error (reason: Invalid color: '${colors.violet' (Context: '%{F${colors.violet'))
polybar|error: Parser error (reason: Invalid color: '${colors.violet' (Context: '%{F${colors.violet'))
polybar|warn:  Dropping unmatched character '' (U+f192) in '}} 2 '
polybar|warn:  Dropping unmatched character '' (U+f192) in '}} 2 '
polybar|warn:  Dropping unmatched character '' (U+e0b3) in '2025-08-01  09:54:15'
polybar|warn:  Dropping unmatched character '' (U+e0b3) in '2025-08-01  09:54:15'
polybar|error: Parser error (reason: Invalid color: '${colors.violet' (Context: '%{F${colors.violet'))
polybar|warn:  Dropping unmatched character '' (U+f2db) in ' <usage> '
polybar|warn:  Dropping unmatched character '' (U+f2db) in ' <usage> '
polybar|warn:  Dropping unmatched character '' (U+f444) in ' <usage> '
polybar|warn:  Dropping unmatched character '' (U+f538) in ' <used_mem> '
polybar|warn:  Dropping unmatched character '' (U+f444) in ' <usage> '
polybar|warn:  Dropping unmatched character '' (U+e266) in ' <used_mem> '
polybar|warn:  Dropping unmatched character '' (U+f538) in ' <used_mem> '
polybar|warn:  Dropping unmatched character '' (U+f192) in '}} 2 '
polybar|warn:  Dropping unmatched character '' (U+e266) in ' <used_mem> '
polybar|warn:  Dropping unmatched character '' (U+e0b3) in '2025-08-01  09:54:15'
polybar|warn:  Dropping unmatched character '' (U+f2db) in ' <usage> '
polybar|warn:  Dropping unmatched character '' (U+f444) in ' <usage> '
polybar|warn:  Dropping unmatched character '' (U+f538) in ' <used_mem> '
polybar|warn:  Dropping unmatched character '' (U+e266) in ' <used_mem> '
polybar|error: Parser error (reason: Invalid color: '${colors.violet' (Context: '%{F${colors.violet'))
polybar|error: Parser error (reason: Invalid color: '${colors.violet' (Context: '%{F${colors.violet'))
polybar|error: Parser error (reason: Invalid color: '${colors.violet' (Context: '%{F${colors.violet'))
polybar|warn:  Dropping unmatched character '' (U+f192) in '}} 2 '
polybar|warn:  Dropping unmatched character '' (U+f192) in '}} 2 '
polybar|warn:  Dropping unmatched character '' (U+f192) in '}} 2 '
polybar|warn:  Dropping unmatched character '' (U+e0b3) in '2025-08-01  09:54:20'
polybar|warn:  Dropping unmatched character '' (U+e0b3) in '2025-08-01  09:54:20'
polybar|warn:  Dropping unmatched character '' (U+f2db) in ' <usage> '
polybar|warn:  Dropping unmatched character '' (U+f2db) in ' <usage> '
polybar|warn:  Dropping unmatched character '' (U+e0b3) in '2025-08-01  09:54:20'
polybar|warn:  Dropping unmatched character '' (U+f444) in ' <usage> '
polybar|warn:  Dropping unmatched character '' (U+f444) in ' <usage> '
polybar|warn:  Dropping unmatched character '' (U+f538) in ' <used_mem> '
polybar|warn:  Dropping unmatched character '' (U+f538) in ' <used_mem> '
polybar|warn:  Dropping unmatched character '' (U+e266) in ' <used_mem> '
polybar|warn:  Dropping unmatched character '' (U+e266) in ' <used_mem> '
polybar|warn:  Dropping unmatched character '' (U+f2db) in ' <usage> '
polybar|warn:  Dropping unmatched character '' (U+f444) in ' <usage> '
polybar|warn:  Dropping unmatched character '' (U+f538) in ' <used_mem> '
polybar|warn:  Dropping unmatched character '' (U+e266) in ' <used_mem> '
polybar|error: Parser error (reason: Invalid color: '${colors.violet' (Context: '%{F${colors.violet'))
polybar|error: Parser error (reason: Invalid color: '${colors.violet' (Context: '%{F${colors.violet'))
polybar|error: Parser error (reason: Invalid color: '${colors.violet' (Context: '%{F${colors.violet'))
polybar|warn:  Dropping unmatched character '' (U+f192) in '}} 2 '
polybar|warn:  Dropping unmatched character '' (U+f192) in '}} 2 '
polybar|warn:  Dropping unmatched character '' (U+f192) in '}} 2 '
polybar|warn:  Dropping unmatched character '' (U+e0b3) in '2025-08-01  09:54:25'
polybar|warn:  Dropping unmatched character '' (U+f2db) in ' <usage> '
polybar|warn:  Dropping unmatched character '' (U+e0b3) in '2025-08-01  09:54:25'
polybar|warn:  Dropping unmatched character '' (U+f444) in ' <usage> '
polybar|warn:  Dropping unmatched character '' (U+f538) in ' <used_mem> '
polybar|warn:  Dropping unmatched character '' (U+e0b3) in '2025-08-01  09:54:25'
polybar|warn:  Dropping unmatched character '' (U+e266) in ' <used_mem> '
polybar|warn:  Dropping unmatched character '' (U+f2db) in ' <usage> '
polybar|warn:  Dropping unmatched character '' (U+f444) in ' <usage> '
polybar|warn:  Dropping unmatched character '' (U+f2db) in ' <usage> '
polybar|warn:  Dropping unmatched character '' (U+f538) in ' <used_mem> '
polybar|warn:  Dropping unmatched character '' (U+f444) in ' <usage> '
polybar|warn:  Dropping unmatched character '' (U+e266) in ' <used_mem> '
polybar|warn:  Dropping unmatched character '' (U+f538) in ' <used_mem> '
polybar|warn:  Dropping unmatched character '' (U+e266) in ' <used_mem> '
polybar|error: Parser error (reason: Invalid color: '${colors.violet' (Context: '%{F${colors.violet'))
polybar|error: Parser error (reason: Invalid color: '${colors.violet' (Context: '%{F${colors.violet'))
polybar|warn:  Dropping unmatched character '' (U+f192) in '}} 2 '
polybar|warn:  Dropping unmatched character '' (U+f192) in '}} 2 '
polybar|error: Parser error (reason: Invalid color: '${colors.violet' (Context: '%{F${colors.violet'))
polybar|warn:  Dropping unmatched character '' (U+e0b3) in '2025-08-01  09:54:30'
polybar|warn:  Dropping unmatched character '' (U+f2db) in ' <usage> '
polybar|warn:  Dropping unmatched character '' (U+e0b3) in '2025-08-01  09:54:30'
polybar|warn:  Dropping unmatched character '' (U+f444) in ' <usage> '
polybar|warn:  Dropping unmatched character '' (U+f538) in ' <used_mem> '
polybar|warn:  Dropping unmatched character '' (U+f192) in '}} 2 '
polybar|warn:  Dropping unmatched character '' (U+f2db) in ' <usage> '
polybar|warn:  Dropping unmatched character '' (U+f444) in ' <usage> '
polybar|warn:  Dropping unmatched character '' (U+e266) in ' <used_mem> '
polybar|warn:  Dropping unmatched character '' (U+f538) in ' <used_mem> '
polybar|warn:  Dropping unmatched character '' (U+e266) in ' <used_mem> '
polybar|warn:  Dropping unmatched character '' (U+e0b3) in '2025-08-01  09:54:30'
polybar|warn:  Dropping unmatched character '' (U+f2db) in ' <usage> '
polybar|warn:  Dropping unmatched character '' (U+f444) in ' <usage> '
polybar|warn:  Dropping unmatched character '' (U+f538) in ' <used_mem> '
polybar|warn:  Dropping unmatched character '' (U+e266) in ' <used_mem> '
polybar|error: Parser error (reason: Invalid color: '${colors.violet' (Context: '%{F${colors.violet'))
polybar|error: Parser error (reason: Invalid color: '${colors.violet' (Context: '%{F${colors.violet'))
polybar|error: Parser error (reason: Invalid color: '${colors.violet' (Context: '%{F${colors.violet'))
polybar|warn:  Dropping unmatched character '' (U+f192) in '}} 2 '
polybar|warn:  Dropping unmatched character '' (U+f192) in '}} 2 '
polybar|warn:  Dropping unmatched character '' (U+f192) in '}} 2 '
polybar|warn:  Dropping unmatched character '' (U+e0b3) in '2025-08-01  09:54:35'
polybar|warn:  Dropping unmatched character '' (U+e0b3) in '2025-08-01  09:54:35'
polybar|warn:  Dropping unmatched character '' (U+e0b3) in '2025-08-01  09:54:35'
polybar|warn:  Dropping unmatched character '' (U+f2db) in ' <usage> '
polybar|warn:  Dropping unmatched character '' (U+f2db) in ' <usage> '
polybar|warn:  Dropping unmatched character '' (U+f444) in ' <usage> '
polybar|warn:  Dropping unmatched character '' (U+f2db) in ' <usage> '
polybar|warn:  Dropping unmatched character '' (U+f444) in ' <usage> '
polybar|warn:  Dropping unmatched character '' (U+f538) in ' <used_mem> '
polybar|warn:  Dropping unmatched character '' (U+f538) in ' <used_mem> '
polybar|warn:  Dropping unmatched character '' (U+f444) in ' <usage> '
polybar|warn:  Dropping unmatched character '' (U+e266) in ' <used_mem> '
polybar|warn:  Dropping unmatched character '' (U+f538) in ' <used_mem> '
polybar|warn:  Dropping unmatched character '' (U+e266) in ' <used_mem> '
polybar|warn:  Dropping unmatched character '' (U+e266) in ' <used_mem> '
polybar|error: Parser error (reason: Invalid color: '${colors.violet' (Context: '%{F${colors.violet'))
polybar|error: Parser error (reason: Invalid color: '${colors.violet' (Context: '%{F${colors.violet'))
polybar|warn:  Dropping unmatched character '' (U+f192) in '}} 1 '
polybar|warn:  Dropping unmatched character '' (U+f192) in '}} 1 '
polybar|warn:  Dropping unmatched character '' (U+e0b3) in '2025-08-01  09:54:35'
polybar|warn:  Dropping unmatched character '' (U+e0b3) in '2025-08-01  09:54:35'
polybar|warn:  Dropping unmatched character '' (U+f2db) in ' <usage> '
polybar|warn:  Dropping unmatched character '' (U+f2db) in ' <usage> '
polybar|warn:  Dropping unmatched character '' (U+f444) in ' <usage> '
polybar|warn:  Dropping unmatched character '' (U+f444) in ' <usage> '
polybar|warn:  Dropping unmatched character '' (U+f538) in ' <used_mem> '
polybar|warn:  Dropping unmatched character '' (U+f538) in ' <used_mem> '
polybar|warn:  Dropping unmatched character '' (U+e266) in ' <used_mem> '
polybar|warn:  Dropping unmatched character '' (U+e266) in ' <used_mem> '
polybar|error: Parser error (reason: Invalid color: '${colors.violet' (Context: '%{F${colors.violet'))
polybar|warn:  Dropping unmatched character '' (U+f192) in '}} 1 '
polybar|warn:  Dropping unmatched character '' (U+e0b3) in '2025-08-01  09:54:35'
polybar|warn:  Dropping unmatched character '' (U+f2db) in ' <usage> '
polybar|warn:  Dropping unmatched character '' (U+f444) in ' <usage> '
polybar|warn:  Dropping unmatched character '' (U+f538) in ' <used_mem> '
polybar|warn:  Dropping unmatched character '' (U+e266) in ' <used_mem> '
polybar|error: Parser error (reason: Invalid color: '${colors.violet' (Context: '%{F${colors.violet'))
polybar|error: Parser error (reason: Invalid color: '${colors.violet' (Context: '%{F${colors.violet'))
polybar|error: Parser error (reason: Invalid color: '${colors.violet' (Context: '%{F${colors.violet'))
polybar|warn:  Dropping unmatched character '' (U+f192) in '}} 1 '
polybar|warn:  Dropping unmatched character '' (U+f192) in '}} 1 '
polybar|warn:  Dropping unmatched character '' (U+f192) in '}} 1 '
polybar|warn:  Dropping unmatched character '' (U+e0b3) in '2025-08-01  09:54:40'
polybar|warn:  Dropping unmatched character '' (U+e0b3) in '2025-08-01  09:54:40'
polybar|warn:  Dropping unmatched character '' (U+e0b3) in '2025-08-01  09:54:40'
polybar|warn:  Dropping unmatched character '' (U+f2db) in ' <usage> '
polybar|warn:  Dropping unmatched character '' (U+f2db) in ' <usage> '
polybar|warn:  Dropping unmatched character '' (U+f2db) in ' <usage> '
polybar|warn:  Dropping unmatched character '' (U+f444) in ' <usage> '
polybar|warn:  Dropping unmatched character '' (U+f538) in ' <used_mem> '
polybar|warn:  Dropping unmatched character '' (U+f444) in ' <usage> '
polybar|warn:  Dropping unmatched character '' (U+f444) in ' <usage> '
polybar|warn:  Dropping unmatched character '' (U+f538) in ' <used_mem> '
polybar|warn:  Dropping unmatched character '' (U+f538) in ' <used_mem> '
polybar|warn:  Dropping unmatched character '' (U+e266) in ' <used_mem> '
polybar|warn:  Dropping unmatched character '' (U+e266) in ' <used_mem> '
polybar|warn:  Dropping unmatched character '' (U+e266) in ' <used_mem> '
polybar|error: Parser error (reason: Invalid color: '${colors.violet' (Context: '%{F${colors.violet'))
polybar|error: Parser error (reason: Invalid color: '${colors.violet' (Context: '%{F${colors.violet'))
polybar|warn:  Dropping unmatched character '' (U+f192) in '}} 1 '
polybar|warn:  Dropping unmatched character '' (U+f192) in '}} 1 '
polybar|warn:  Dropping unmatched character '' (U+e0b3) in '2025-08-01  09:54:45'
polybar|warn:  Dropping unmatched character '' (U+f2db) in ' <usage> '
polybar|error: Parser error (reason: Invalid color: '${colors.violet' (Context: '%{F${colors.violet'))
polybar|warn:  Dropping unmatched character '' (U+f444) in ' <usage> '
polybar|warn:  Dropping unmatched character '' (U+f538) in ' <used_mem> '
polybar|warn:  Dropping unmatched character '' (U+e0b3) in '2025-08-01  09:54:45'
polybar|warn:  Dropping unmatched character '' (U+f192) in '}} 1 '
polybar|warn:  Dropping unmatched character '' (U+e266) in ' <used_mem> '
polybar|warn:  Dropping unmatched character '' (U+f2db) in ' <usage> '
polybar|warn:  Dropping unmatched character '' (U+e0b3) in '2025-08-01  09:54:45'
polybar|warn:  Dropping unmatched character '' (U+f444) in ' <usage> '
polybar|warn:  Dropping unmatched character '' (U+f538) in ' <used_mem> '
polybar|warn:  Dropping unmatched character '' (U+f2db) in ' <usage> '
polybar|warn:  Dropping unmatched character '' (U+e266) in ' <used_mem> '
polybar|warn:  Dropping unmatched character '' (U+f444) in ' <usage> '
polybar|warn:  Dropping unmatched character '' (U+f538) in ' <used_mem> '
polybar|warn:  Dropping unmatched character '' (U+e266) in ' <used_mem> '
polybar|error: Parser error (reason: Invalid color: '${colors.violet' (Context: '%{F${colors.violet'))
polybar|error: Parser error (reason: Invalid color: '${colors.violet' (Context: '%{F${colors.violet'))
polybar|warn:  Dropping unmatched character '' (U+f192) in '}} 1 '
polybar|error: Parser error (reason: Invalid color: '${colors.violet' (Context: '%{F${colors.violet'))
polybar|warn:  Dropping unmatched character '' (U+f192) in '}} 1 '
polybar|warn:  Dropping unmatched character '' (U+f192) in '}} 1 '
polybar|warn:  Dropping unmatched character '' (U+e0b3) in '2025-08-01  09:54:50'
polybar|warn:  Dropping unmatched character '' (U+e0b3) in '2025-08-01  09:54:50'
polybar|warn:  Dropping unmatched character '' (U+f2db) in ' <usage> '
polybar|warn:  Dropping unmatched character '' (U+e0b3) in '2025-08-01  09:54:50'
polybar|warn:  Dropping unmatched character '' (U+f2db) in ' <usage> '
polybar|warn:  Dropping unmatched character '' (U+f444) in ' <usage> '
polybar|warn:  Dropping unmatched character '' (U+f444) in ' <usage> '
polybar|warn:  Dropping unmatched character '' (U+f538) in ' <used_mem> '
polybar|warn:  Dropping unmatched character '' (U+f2db) in ' <usage> '
polybar|warn:  Dropping unmatched character '' (U+f538) in ' <used_mem> '
polybar|warn:  Dropping unmatched character '' (U+e266) in ' <used_mem> '
polybar|warn:  Dropping unmatched character '' (U+f444) in ' <usage> '
polybar|warn:  Dropping unmatched character '' (U+e266) in ' <used_mem> '
polybar|warn:  Dropping unmatched character '' (U+f538) in ' <used_mem> '
polybar|warn:  Dropping unmatched character '' (U+e266) in ' <used_mem> '
polybar|error: Parser error (reason: Invalid color: '${colors.violet' (Context: '%{F${colors.violet'))
polybar|error: Parser error (reason: Invalid color: '${colors.violet' (Context: '%{F${colors.violet'))
polybar|warn:  Dropping unmatched character '' (U+f192) in '}} 2 '
polybar|warn:  Dropping unmatched character '' (U+f192) in '}} 2 '
polybar|warn:  Dropping unmatched character '' (U+e0b3) in '2025-08-01  09:54:50'
polybar|error: Parser error (reason: Invalid color: '${colors.violet' (Context: '%{F${colors.violet'))
polybar|warn:  Dropping unmatched character '' (U+f2db) in ' <usage> '
polybar|warn:  Dropping unmatched character '' (U+e0b3) in '2025-08-01  09:54:50'
polybar|warn:  Dropping unmatched character '' (U+f444) in ' <usage> '
polybar|warn:  Dropping unmatched character '' (U+f192) in '}} 2 '
polybar|warn:  Dropping unmatched character '' (U+f538) in ' <used_mem> '
polybar|warn:  Dropping unmatched character '' (U+f2db) in ' <usage> '
polybar|warn:  Dropping unmatched character '' (U+e266) in ' <used_mem> '
polybar|warn:  Dropping unmatched character '' (U+f444) in ' <usage> '
polybar|warn:  Dropping unmatched character '' (U+f538) in ' <used_mem> '
polybar|warn:  Dropping unmatched character '' (U+e266) in ' <used_mem> '
polybar|warn:  Dropping unmatched character '' (U+e0b3) in '2025-08-01  09:54:50'
polybar|warn:  Dropping unmatched character '' (U+f2db) in ' <usage> '
polybar|warn:  Dropping unmatched character '' (U+f444) in ' <usage> '
polybar|warn:  Dropping unmatched character '' (U+f538) in ' <used_mem> '
polybar|warn:  Dropping unmatched character '' (U+e266) in ' <used_mem> '
polybar|error: Parser error (reason: Invalid color: '${colors.violet' (Context: '%{F${colors.violet'))
polybar|warn:  Dropping unmatched character '' (U+f192) in '}} 1 '
polybar|warn:  Dropping unmatched character '' (U+e0b3) in '2025-08-01  09:54:50'
polybar|warn:  Dropping unmatched character '' (U+f2db) in ' <usage> '
polybar|warn:  Dropping unmatched character '' (U+f444) in ' <usage> '
polybar|warn:  Dropping unmatched character '' (U+f538) in ' <used_mem> '
polybar|warn:  Dropping unmatched character '' (U+e266) in ' <used_mem> '
polybar|error: Parser error (reason: Invalid color: '${colors.violet' (Context: '%{F${colors.violet'))
polybar|warn:  Dropping unmatched character '' (U+f192) in '}} 1 '
polybar|warn:  Dropping unmatched character '' (U+e0b3) in '2025-08-01  09:54:50'
polybar|warn:  Dropping unmatched character '' (U+f2db) in ' <usage> '
polybar|warn:  Dropping unmatched character '' (U+f444) in ' <usage> '
polybar|warn:  Dropping unmatched character '' (U+f538) in ' <used_mem> '
polybar|warn:  Dropping unmatched character '' (U+e266) in ' <used_mem> '
polybar|error: Parser error (reason: Invalid color: '${colors.violet' (Context: '%{F${colors.violet'))
polybar|warn:  Dropping unmatched character '' (U+f192) in '}} 1 '
polybar|warn:  Dropping unmatched character '' (U+e0b3) in '2025-08-01  09:54:50'
polybar|warn:  Dropping unmatched character '' (U+f2db) in ' <usage> '
polybar|warn:  Dropping unmatched character '' (U+f444) in ' <usage> '
polybar|warn:  Dropping unmatched character '' (U+f538) in ' <used_mem> '
polybar|warn:  Dropping unmatched character '' (U+e266) in ' <used_mem> '
polybar|error: Parser error (reason: Invalid color: '${colors.violet' (Context: '%{F${colors.violet'))
polybar|warn:  Dropping unmatched character '' (U+f192) in '}} 1 '
polybar|error: Parser error (reason: Invalid color: '${colors.violet' (Context: '%{F${colors.violet'))
polybar|error: Parser error (reason: Invalid color: '${colors.violet' (Context: '%{F${colors.violet'))
polybar|warn:  Dropping unmatched character '' (U+e0b3) in '2025-08-01  09:54:55'
polybar|warn:  Dropping unmatched character '' (U+f192) in '}} 1 '
polybar|warn:  Dropping unmatched character '' (U+f2db) in ' <usage> '
polybar|warn:  Dropping unmatched character '' (U+f192) in '}} 1 '
polybar|warn:  Dropping unmatched character '' (U+f444) in ' <usage> '
polybar|warn:  Dropping unmatched character '' (U+f538) in ' <used_mem> '
polybar|warn:  Dropping unmatched character '' (U+e0b3) in '2025-08-01  09:54:55'
polybar|warn:  Dropping unmatched character '' (U+e266) in ' <used_mem> '
polybar|warn:  Dropping unmatched character '' (U+f2db) in ' <usage> '
polybar|warn:  Dropping unmatched character '' (U+e0b3) in '2025-08-01  09:54:55'
polybar|warn:  Dropping unmatched character '' (U+f444) in ' <usage> '
polybar|warn:  Dropping unmatched character '' (U+f538) in ' <used_mem> '
polybar|warn:  Dropping unmatched character '' (U+f2db) in ' <usage> '
polybar|warn:  Dropping unmatched character '' (U+e266) in ' <used_mem> '
polybar|warn:  Dropping unmatched character '' (U+f444) in ' <usage> '
polybar|warn:  Dropping unmatched character '' (U+f538) in ' <used_mem> '
polybar|warn:  Dropping unmatched character '' (U+e266) in ' <used_mem> '
polybar|error: Parser error (reason: Invalid color: '${colors.violet' (Context: '%{F${colors.violet'))
polybar|error: Parser error (reason: Invalid color: '${colors.violet' (Context: '%{F${colors.violet'))
polybar|warn:  Dropping unmatched character '' (U+f192) in '}} 1 '
polybar|warn:  Dropping unmatched character '' (U+f192) in '}} 1 '
polybar|error: Parser error (reason: Invalid color: '${colors.violet' (Context: '%{F${colors.violet'))
polybar|warn:  Dropping unmatched character '' (U+f192) in '}} 1 '
polybar|warn:  Dropping unmatched character '' (U+e0b3) in '2025-08-01  09:55:00'
polybar|warn:  Dropping unmatched character '' (U+e0b3) in '2025-08-01  09:55:00'
polybar|warn:  Dropping unmatched character '' (U+e0b3) in '2025-08-01  09:55:00'
polybar|warn:  Dropping unmatched character '' (U+f2db) in ' <usage> '
polybar|warn:  Dropping unmatched character '' (U+f2db) in ' <usage> '
polybar|warn:  Dropping unmatched character '' (U+f444) in ' <usage> '
polybar|warn:  Dropping unmatched character '' (U+f2db) in ' <usage> '
polybar|warn:  Dropping unmatched character '' (U+f444) in ' <usage> '
polybar|warn:  Dropping unmatched character '' (U+f538) in ' <used_mem> '
polybar|warn:  Dropping unmatched character '' (U+f538) in ' <used_mem> '
polybar|warn:  Dropping unmatched character '' (U+f444) in ' <usage> '
polybar|warn:  Dropping unmatched character '' (U+e266) in ' <used_mem> '
polybar|warn:  Dropping unmatched character '' (U+f538) in ' <used_mem> '
polybar|warn:  Dropping unmatched character '' (U+e266) in ' <used_mem> '
polybar|warn:  Dropping unmatched character '' (U+e266) in ' <used_mem> '
polybar|error: Parser error (reason: Invalid color: '${colors.violet' (Context: '%{F${colors.violet'))
polybar|error: Parser error (reason: Invalid color: '${colors.violet' (Context: '%{F${colors.violet'))
polybar|error: Parser error (reason: Invalid color: '${colors.violet' (Context: '%{F${colors.violet'))
polybar|warn:  Dropping unmatched character '' (U+f192) in '}} 1 '
polybar|warn:  Dropping unmatched character '' (U+f192) in '}} 1 '
polybar|warn:  Dropping unmatched character '' (U+f192) in '}} 1 '
polybar|warn:  Dropping unmatched character '' (U+e0b3) in '2025-08-01  09:55:05'
polybar|warn:  Dropping unmatched character '' (U+f2db) in ' <usage> '
polybar|warn:  Dropping unmatched character '' (U+e0b3) in '2025-08-01  09:55:05'
polybar|warn:  Dropping unmatched character '' (U+e0b3) in '2025-08-01  09:55:05'
polybar|warn:  Dropping unmatched character '' (U+f444) in ' <usage> '
polybar|warn:  Dropping unmatched character '' (U+f2db) in ' <usage> '
polybar|warn:  Dropping unmatched character '' (U+f538) in ' <used_mem> '
polybar|warn:  Dropping unmatched character '' (U+e266) in ' <used_mem> '
polybar|warn:  Dropping unmatched character '' (U+f444) in ' <usage> '
polybar|warn:  Dropping unmatched character '' (U+f2db) in ' <usage> '
polybar|warn:  Dropping unmatched character '' (U+f538) in ' <used_mem> '
polybar|warn:  Dropping unmatched character '' (U+f444) in ' <usage> '
polybar|warn:  Dropping unmatched character '' (U+e266) in ' <used_mem> '
polybar|warn:  Dropping unmatched character '' (U+f538) in ' <used_mem> '
polybar|warn:  Dropping unmatched character '' (U+e266) in ' <used_mem> '
polybar|error: Parser error (reason: Invalid color: '${colors.violet' (Context: '%{F${colors.violet'))
polybar|error: Parser error (reason: Invalid color: '${colors.violet' (Context: '%{F${colors.violet'))
polybar|error: Parser error (reason: Invalid color: '${colors.violet' (Context: '%{F${colors.violet'))
polybar|warn:  Dropping unmatched character '' (U+f192) in '}} 1 '
polybar|warn:  Dropping unmatched character '' (U+f192) in '}} 1 '
polybar|warn:  Dropping unmatched character '' (U+f192) in '}} 1 '
polybar|warn:  Dropping unmatched character '' (U+e0b3) in '2025-08-01  09:55:10'
polybar|warn:  Dropping unmatched character '' (U+e0b3) in '2025-08-01  09:55:10'
polybar|warn:  Dropping unmatched character '' (U+f2db) in ' <usage> '
polybar|warn:  Dropping unmatched character '' (U+f2db) in ' <usage> '
polybar|warn:  Dropping unmatched character '' (U+f444) in ' <usage> '
polybar|warn:  Dropping unmatched character '' (U+f444) in ' <usage> '
polybar|warn:  Dropping unmatched character '' (U+f538) in ' <used_mem> '
polybar|warn:  Dropping unmatched character '' (U+f538) in ' <used_mem> '
polybar|warn:  Dropping unmatched character '' (U+e0b3) in '2025-08-01  09:55:10'
polybar|warn:  Dropping unmatched character '' (U+e266) in ' <used_mem> '
polybar|warn:  Dropping unmatched character '' (U+e266) in ' <used_mem> '
polybar|warn:  Dropping unmatched character '' (U+f2db) in ' <usage> '
polybar|warn:  Dropping unmatched character '' (U+f444) in ' <usage> '
polybar|warn:  Dropping unmatched character '' (U+f538) in ' <used_mem> '
polybar|warn:  Dropping unmatched character '' (U+e266) in ' <used_mem> '
polybar|error: Parser error (reason: Invalid color: '${colors.violet' (Context: '%{F${colors.violet'))
polybar|error: Parser error (reason: Invalid color: '${colors.violet' (Context: '%{F${colors.violet'))
polybar|error: Parser error (reason: Invalid color: '${colors.violet' (Context: '%{F${colors.violet'))
polybar|warn:  Dropping unmatched character '' (U+f192) in '}} 1 '
polybar|warn:  Dropping unmatched character '' (U+f192) in '}} 1 '
polybar|warn:  Dropping unmatched character '' (U+f192) in '}} 1 '
polybar|warn:  Dropping unmatched character '' (U+e0b3) in '2025-08-01  09:55:15'
polybar|warn:  Dropping unmatched character '' (U+e0b3) in '2025-08-01  09:55:15'
polybar|warn:  Dropping unmatched character '' (U+e0b3) in '2025-08-01  09:55:15'
polybar|warn:  Dropping unmatched character '' (U+f2db) in ' <usage> '
polybar|warn:  Dropping unmatched character '' (U+f444) in ' <usage> '
polybar|warn:  Dropping unmatched character '' (U+f2db) in ' <usage> '
polybar|warn:  Dropping unmatched character '' (U+f538) in ' <used_mem> '
polybar|warn:  Dropping unmatched character '' (U+f2db) in ' <usage> '
polybar|warn:  Dropping unmatched character '' (U+e266) in ' <used_mem> '
polybar|warn:  Dropping unmatched character '' (U+f444) in ' <usage> '
polybar|warn:  Dropping unmatched character '' (U+f444) in ' <usage> '
polybar|warn:  Dropping unmatched character '' (U+f538) in ' <used_mem> '
polybar|warn:  Dropping unmatched character '' (U+f538) in ' <used_mem> '
polybar|warn:  Dropping unmatched character '' (U+e266) in ' <used_mem> '
polybar|warn:  Dropping unmatched character '' (U+e266) in ' <used_mem> '
polybar|error: Parser error (reason: Invalid color: '${colors.violet' (Context: '%{F${colors.violet'))
polybar|error: Parser error (reason: Invalid color: '${colors.violet' (Context: '%{F${colors.violet'))
polybar|error: Parser error (reason: Invalid color: '${colors.violet' (Context: '%{F${colors.violet'))
polybar|warn:  Dropping unmatched character '' (U+f192) in '}} 1 '
polybar|warn:  Dropping unmatched character '' (U+f192) in '}} 1 '
polybar|warn:  Dropping unmatched character '' (U+f192) in '}} 1 '
polybar|warn:  Dropping unmatched character '' (U+e0b3) in '2025-08-01  09:55:20'
polybar|warn:  Dropping unmatched character '' (U+e0b3) in '2025-08-01  09:55:20'
polybar|warn:  Dropping unmatched character '' (U+f2db) in ' <usage> '
polybar|warn:  Dropping unmatched character '' (U+f444) in ' <usage> '
polybar|warn:  Dropping unmatched character '' (U+e0b3) in '2025-08-01  09:55:20'
polybar|warn:  Dropping unmatched character '' (U+f538) in ' <used_mem> '
polybar|warn:  Dropping unmatched character '' (U+f2db) in ' <usage> '
polybar|warn:  Dropping unmatched character '' (U+e266) in ' <used_mem> '
polybar|warn:  Dropping unmatched character '' (U+f444) in ' <usage> '
polybar|warn:  Dropping unmatched character '' (U+f2db) in ' <usage> '
polybar|warn:  Dropping unmatched character '' (U+f538) in ' <used_mem> '
polybar|warn:  Dropping unmatched character '' (U+f444) in ' <usage> '
polybar|warn:  Dropping unmatched character '' (U+e266) in ' <used_mem> '
polybar|warn:  Dropping unmatched character '' (U+f538) in ' <used_mem> '
polybar|warn:  Dropping unmatched character '' (U+e266) in ' <used_mem> '
polybar|error: Parser error (reason: Invalid color: '${colors.violet' (Context: '%{F${colors.violet'))
polybar|error: Parser error (reason: Invalid color: '${colors.violet' (Context: '%{F${colors.violet'))
polybar|error: Parser error (reason: Invalid color: '${colors.violet' (Context: '%{F${colors.violet'))
polybar|warn:  Dropping unmatched character '' (U+f192) in '}} 1 '
polybar|warn:  Dropping unmatched character '' (U+f192) in '}} 1 '
polybar|warn:  Dropping unmatched character '' (U+f192) in '}} 1 '
polybar|warn:  Dropping unmatched character '' (U+e0b3) in '2025-08-01  09:55:25'
polybar|warn:  Dropping unmatched character '' (U+e0b3) in '2025-08-01  09:55:25'
polybar|warn:  Dropping unmatched character '' (U+f2db) in ' <usage> '
polybar|warn:  Dropping unmatched character '' (U+f2db) in ' <usage> '
polybar|warn:  Dropping unmatched character '' (U+e0b3) in '2025-08-01  09:55:25'
polybar|warn:  Dropping unmatched character '' (U+f444) in ' <usage> '
polybar|warn:  Dropping unmatched character '' (U+f444) in ' <usage> '
polybar|warn:  Dropping unmatched character '' (U+f538) in ' <used_mem> '
polybar|warn:  Dropping unmatched character '' (U+f538) in ' <used_mem> '
polybar|warn:  Dropping unmatched character '' (U+e266) in ' <used_mem> '
polybar|warn:  Dropping unmatched character '' (U+e266) in ' <used_mem> '
polybar|warn:  Dropping unmatched character '' (U+f2db) in ' <usage> '
polybar|warn:  Dropping unmatched character '' (U+f444) in ' <usage> '
polybar|warn:  Dropping unmatched character '' (U+f538) in ' <used_mem> '
polybar|warn:  Dropping unmatched character '' (U+e266) in ' <used_mem> '
polybar|error: Parser error (reason: Invalid color: '${colors.violet' (Context: '%{F${colors.violet'))
polybar|error: Parser error (reason: Invalid color: '${colors.violet' (Context: '%{F${colors.violet'))
polybar|error: Parser error (reason: Invalid color: '${colors.violet' (Context: '%{F${colors.violet'))
polybar|warn:  Dropping unmatched character '' (U+f192) in '}} 1 '
polybar|warn:  Dropping unmatched character '' (U+f192) in '}} 1 '
polybar|warn:  Dropping unmatched character '' (U+f192) in '}} 1 '
polybar|warn:  Dropping unmatched character '' (U+e0b3) in '2025-08-01  09:55:30'
polybar|warn:  Dropping unmatched character '' (U+e0b3) in '2025-08-01  09:55:30'
polybar|warn:  Dropping unmatched character '' (U+e0b3) in '2025-08-01  09:55:30'
polybar|warn:  Dropping unmatched character '' (U+f2db) in ' <usage> '
polybar|warn:  Dropping unmatched character '' (U+f444) in ' <usage> '
polybar|warn:  Dropping unmatched character '' (U+f2db) in ' <usage> '
polybar|warn:  Dropping unmatched character '' (U+f538) in ' <used_mem> '
polybar|warn:  Dropping unmatched character '' (U+f2db) in ' <usage> '
polybar|warn:  Dropping unmatched character '' (U+e266) in ' <used_mem> '
polybar|warn:  Dropping unmatched character '' (U+f444) in ' <usage> '
polybar|warn:  Dropping unmatched character '' (U+f538) in ' <used_mem> '
polybar|warn:  Dropping unmatched character '' (U+f444) in ' <usage> '
polybar|warn:  Dropping unmatched character '' (U+e266) in ' <used_mem> '
polybar|warn:  Dropping unmatched character '' (U+f538) in ' <used_mem> '
polybar|warn:  Dropping unmatched character '' (U+e266) in ' <used_mem> '
polybar|error: Parser error (reason: Invalid color: '${colors.violet' (Context: '%{F${colors.violet'))
polybar|error: Parser error (reason: Invalid color: '${colors.violet' (Context: '%{F${colors.violet'))
polybar|warn:  Dropping unmatched character '' (U+f192) in '}} 2 '
polybar|warn:  Dropping unmatched character '' (U+f192) in '}} 2 '
polybar|error: Parser error (reason: Invalid color: '${colors.violet' (Context: '%{F${colors.violet'))
polybar|warn:  Dropping unmatched character '' (U+e0b3) in '2025-08-01  09:55:30'
polybar|warn:  Dropping unmatched character '' (U+f2db) in ' <usage> '
polybar|warn:  Dropping unmatched character '' (U+f444) in ' <usage> '
polybar|warn:  Dropping unmatched character '' (U+f192) in '}} 2 '
polybar|warn:  Dropping unmatched character '' (U+f538) in ' <used_mem> '
polybar|warn:  Dropping unmatched character '' (U+e0b3) in '2025-08-01  09:55:30'
polybar|warn:  Dropping unmatched character '' (U+e266) in ' <used_mem> '
polybar|warn:  Dropping unmatched character '' (U+f2db) in ' <usage> '
polybar|warn:  Dropping unmatched character '' (U+e0b3) in '2025-08-01  09:55:30'
polybar|warn:  Dropping unmatched character '' (U+f444) in ' <usage> '
polybar|warn:  Dropping unmatched character '' (U+f538) in ' <used_mem> '
polybar|warn:  Dropping unmatched character '' (U+f2db) in ' <usage> '
polybar|warn:  Dropping unmatched character '' (U+e266) in ' <used_mem> '
polybar|warn:  Dropping unmatched character '' (U+f444) in ' <usage> '
polybar|warn:  Dropping unmatched character '' (U+f538) in ' <used_mem> '
polybar|warn:  Dropping unmatched character '' (U+e266) in ' <used_mem> '
polybar|error: Parser error (reason: Invalid color: '${colors.violet' (Context: '%{F${colors.violet'))
polybar|warn:  Dropping unmatched character '' (U+f192) in '}} 3 '
polybar|warn:  Dropping unmatched character '' (U+e0b3) in '2025-08-01  09:55:30'
polybar|error: Parser error (reason: Invalid color: '${colors.violet' (Context: '%{F${colors.violet'))
polybar|warn:  Dropping unmatched character '' (U+f2db) in ' <usage> '
polybar|warn:  Dropping unmatched character '' (U+f192) in '}} 3 '
polybar|warn:  Dropping unmatched character '' (U+f444) in ' <usage> '
polybar|warn:  Dropping unmatched character '' (U+f538) in ' <used_mem> '
polybar|warn:  Dropping unmatched character '' (U+e266) in ' <used_mem> '
polybar|warn:  Dropping unmatched character '' (U+e0b3) in '2025-08-01  09:55:30'
polybar|warn:  Dropping unmatched character '' (U+f2db) in ' <usage> '
polybar|warn:  Dropping unmatched character '' (U+f444) in ' <usage> '
polybar|warn:  Dropping unmatched character '' (U+f538) in ' <used_mem> '
polybar|warn:  Dropping unmatched character '' (U+e266) in ' <used_mem> '
polybar|error: Parser error (reason: Invalid color: '${colors.violet' (Context: '%{F${colors.violet'))
polybar|warn:  Dropping unmatched character '' (U+f192) in '}} 3 '
polybar|warn:  Dropping unmatched character '' (U+e0b3) in '2025-08-01  09:55:30'
polybar|warn:  Dropping unmatched character '' (U+f2db) in ' <usage> '
polybar|warn:  Dropping unmatched character '' (U+f444) in ' <usage> '
polybar|warn:  Dropping unmatched character '' (U+f538) in ' <used_mem> '
polybar|warn:  Dropping unmatched character '' (U+e266) in ' <used_mem> '
polybar|warn:  module/workspaces: Attempting to reconnect socket (reason: Unexpected EOF while reading header)
polybar|warn:  module/workspaces: Attempting to reconnect socket (reason: Unexpected EOF while reading header)
polybar|warn:  module/workspaces: Attempting to reconnect socket (reason: Unexpected EOF while reading header)
polybar|error: module/workspaces: Failed to reconnect socket (reason: Failed to read header from socket 0xc: errno 104 (Connection reset by peer))
polybar|error: module/workspaces: Failed to reconnect socket (reason: Failed to read header from socket 0xc: errno 104 (Connection reset by peer))
polybar|error: module/workspaces: Failed to reconnect socket (reason: Failed to read header from socket 0xc: errno 104 (Connection reset by peer))
polybar|warn:  module/workspaces: Attempting to reconnect socket (reason: Unexpected EOF while reading header)
polybar|warn:  module/workspaces: Attempting to reconnect socket (reason: Unexpected EOF while reading header)
polybar|warn:  module/workspaces: Attempting to reconnect socket (reason: Unexpected EOF while reading header)
polybar|error: module/workspaces: Failed to reconnect socket (reason: Failed to connect to i3 at '/run/user/1000/i3/ipc-socket.1870': errno 111 (Connection refused))
polybar|error: module/workspaces: Failed to reconnect socket (reason: Failed to connect to i3 at '/run/user/1000/i3/ipc-socket.1870': errno 111 (Connection refused))
polybar|error: module/workspaces: Failed to reconnect socket (reason: Failed to connect to i3 at '/run/user/1000/i3/ipc-socket.1870': errno 111 (Connection refused))
polybar|warn:  module/workspaces: Attempting to reconnect socket (reason: Failed to read header from socket 0xc: errno 22 (Invalid argument))
polybar|warn:  module/workspaces: Attempting to reconnect socket (reason: Failed to read header from socket 0xc: errno 22 (Invalid argument))
polybar|warn:  module/workspaces: Attempting to reconnect socket (reason: Failed to read header from socket 0xc: errno 22 (Invalid argument))
polybar|error: module/workspaces: Failed to reconnect socket (reason: Failed to connect to i3 at '/run/user/1000/i3/ipc-socket.1870': errno 111 (Connection refused))
polybar|error: module/workspaces: Failed to reconnect socket (reason: Failed to connect to i3 at '/run/user/1000/i3/ipc-socket.1870': errno 111 (Connection refused))
polybar|error: module/workspaces: Failed to reconnect socket (reason: Failed to connect to i3 at '/run/user/1000/i3/ipc-socket.1870': errno 111 (Connection refused))
polybar|warn:  module/workspaces: Attempting to reconnect socket (reason: Failed to read header from socket 0xc: errno 22 (Invalid argument))
polybar|warn:  module/workspaces: Attempting to reconnect socket (reason: Failed to read header from socket 0xc: errno 22 (Invalid argument))
polybar|warn:  module/workspaces: Attempting to reconnect socket (reason: Failed to read header from socket 0xc: errno 22 (Invalid argument))
polybar|error: Parser error (reason: Invalid color: '${colors.violet' (Context: '%{F${colors.violet'))
polybar|error: Parser error (reason: Invalid color: '${colors.violet' (Context: '%{F${colors.violet'))
polybar|error: Parser error (reason: Invalid color: '${colors.violet' (Context: '%{F${colors.violet'))
polybar|warn:  Dropping unmatched character '' (U+f192) in '}} 3 '
polybar|warn:  Dropping unmatched character '' (U+f192) in '}} 3 '
polybar|warn:  Dropping unmatched character '' (U+f192) in '}} 3 '
polybar|warn:  Dropping unmatched character '' (U+e0b3) in '2025-08-01  09:55:35'
polybar|warn:  Dropping unmatched character '' (U+e0b3) in '2025-08-01  09:55:35'
polybar|warn:  Dropping unmatched character '' (U+f2db) in ' <usage> '
polybar|warn:  Dropping unmatched character '' (U+e0b3) in '2025-08-01  09:55:35'
polybar|warn:  Dropping unmatched character '' (U+f444) in ' <usage> '
polybar|warn:  Dropping unmatched character '' (U+f2db) in ' <usage> '
polybar|warn:  Dropping unmatched character '' (U+f538) in ' <used_mem> '
polybar|warn:  Dropping unmatched character '' (U+f444) in ' <usage> '
polybar|warn:  Dropping unmatched character '' (U+e266) in ' <used_mem> '
polybar|warn:  Dropping unmatched character '' (U+f538) in ' <used_mem> '
polybar|warn:  Dropping unmatched character '' (U+f2db) in ' <usage> '
polybar|warn:  Dropping unmatched character '' (U+e266) in ' <used_mem> '
polybar|warn:  Dropping unmatched character '' (U+f444) in ' <usage> '
polybar|warn:  Dropping unmatched character '' (U+f538) in ' <used_mem> '
polybar|warn:  Dropping unmatched character '' (U+e266) in ' <used_mem> '
polybar|warn:  module/workspaces: Attempting to reconnect socket (reason: Unexpected EOF while reading header)
polybar|warn:  module/workspaces: Attempting to reconnect socket (reason: Unexpected EOF while reading header)
polybar|warn:  module/workspaces: Attempting to reconnect socket (reason: Unexpected EOF while reading header)
polybar|error: module/workspaces: Failed to reconnect socket (reason: Failed to read header from socket 0xc: errno 104 (Connection reset by peer))
polybar|error: module/workspaces: Failed to reconnect socket (reason: Failed to read header from socket 0xc: errno 104 (Connection reset by peer))
polybar|error: module/workspaces: Failed to reconnect socket (reason: Failed to read header from socket 0xc: errno 104 (Connection reset by peer))
polybar|warn:  module/workspaces: Attempting to reconnect socket (reason: Unexpected EOF while reading header)
polybar|warn:  module/workspaces: Attempting to reconnect socket (reason: Unexpected EOF while reading header)
polybar|warn:  module/workspaces: Attempting to reconnect socket (reason: Unexpected EOF while reading header)
polybar|error: module/workspaces: Failed to reconnect socket (reason: Failed to connect to i3 at '/run/user/1000/i3/ipc-socket.1870': errno 111 (Connection refused))
polybar|error: module/workspaces: Failed to reconnect socket (reason: Failed to connect to i3 at '/run/user/1000/i3/ipc-socket.1870': errno 111 (Connection refused))
polybar|error: module/workspaces: Failed to reconnect socket (reason: Failed to connect to i3 at '/run/user/1000/i3/ipc-socket.1870': errno 111 (Connection refused))
polybar|warn:  module/workspaces: Attempting to reconnect socket (reason: Failed to read header from socket 0xc: errno 22 (Invalid argument))
polybar|warn:  module/workspaces: Attempting to reconnect socket (reason: Failed to read header from socket 0xc: errno 22 (Invalid argument))
polybar|warn:  module/workspaces: Attempting to reconnect socket (reason: Failed to read header from socket 0xc: errno 22 (Invalid argument))
polybar|error: module/workspaces: Failed to reconnect socket (reason: Failed to connect to i3 at '/run/user/1000/i3/ipc-socket.1870': errno 111 (Connection refused))
polybar|error: module/workspaces: Failed to reconnect socket (reason: Failed to connect to i3 at '/run/user/1000/i3/ipc-socket.1870': errno 111 (Connection refused))
polybar|error: module/workspaces: Failed to reconnect socket (reason: Failed to connect to i3 at '/run/user/1000/i3/ipc-socket.1870': errno 111 (Connection refused))
polybar|warn:  module/workspaces: Attempting to reconnect socket (reason: Failed to read header from socket 0xc: errno 22 (Invalid argument))
polybar|warn:  module/workspaces: Attempting to reconnect socket (reason: Failed to read header from socket 0xc: errno 22 (Invalid argument))
polybar|warn:  module/workspaces: Attempting to reconnect socket (reason: Failed to read header from socket 0xc: errno 22 (Invalid argument))
polybar|warn:  module/workspaces: Attempting to reconnect socket (reason: Unexpected EOF while reading header)
polybar|warn:  module/workspaces: Attempting to reconnect socket (reason: Unexpected EOF while reading header)
polybar|warn:  module/workspaces: Attempting to reconnect socket (reason: Unexpected EOF while reading header)
polybar|error: module/workspaces: Failed to reconnect socket (reason: Failed to connect to i3 at '/run/user/1000/i3/ipc-socket.1870': errno 2 (No such file or directory))
polybar|error: module/workspaces: Failed to reconnect socket (reason: Failed to connect to i3 at '/run/user/1000/i3/ipc-socket.1870': errno 2 (No such file or directory))
polybar|error: module/workspaces: Failed to reconnect socket (reason: Failed to connect to i3 at '/run/user/1000/i3/ipc-socket.1870': errno 2 (No such file or directory))
polybar|warn:  module/workspaces: Attempting to reconnect socket (reason: Failed to read header from socket 0xc: errno 22 (Invalid argument))
polybar|warn:  module/workspaces: Attempting to reconnect socket (reason: Failed to read header from socket 0xc: errno 22 (Invalid argument))
polybar|warn:  module/workspaces: Attempting to reconnect socket (reason: Failed to read header from socket 0xc: errno 22 (Invalid argument))
polybar|error: module/workspaces: Failed to reconnect socket (reason: Failed to connect to i3 at '/run/user/1000/i3/ipc-socket.1870': errno 2 (No such file or directory))
polybar|error: module/workspaces: Failed to reconnect socket (reason: Failed to connect to i3 at '/run/user/1000/i3/ipc-socket.1870': errno 2 (No such file or directory))
polybar|error: module/workspaces: Failed to reconnect socket (reason: Failed to connect to i3 at '/run/user/1000/i3/ipc-socket.1870': errno 2 (No such file or directory))
polybar|warn:  module/workspaces: Attempting to reconnect socket (reason: Failed to read header from socket 0xc: errno 22 (Invalid argument))
polybar|warn:  module/workspaces: Attempting to reconnect socket (reason: Failed to read header from socket 0xc: errno 22 (Invalid argument))
polybar|warn:  module/workspaces: Attempting to reconnect socket (reason: Failed to read header from socket 0xc: errno 22 (Invalid argument))
polybar|error: module/workspaces: Failed to reconnect socket (reason: Failed to connect to i3 at '/run/user/1000/i3/ipc-socket.1870': errno 2 (No such file or directory))
polybar|error: module/workspaces: Failed to reconnect socket (reason: Failed to connect to i3 at '/run/user/1000/i3/ipc-socket.1870': errno 2 (No such file or directory))
polybar|error: module/workspaces: Failed to reconnect socket (reason: Failed to connect to i3 at '/run/user/1000/i3/ipc-socket.1870': errno 2 (No such file or directory))
polybar|warn:  module/workspaces: Attempting to reconnect socket (reason: Failed to read header from socket 0xc: errno 22 (Invalid argument))
polybar|warn:  module/workspaces: Attempting to reconnect socket (reason: Failed to read header from socket 0xc: errno 22 (Invalid argument))
polybar|warn:  module/workspaces: Attempting to reconnect socket (reason: Failed to read header from socket 0xc: errno 22 (Invalid argument))
polybar|error: module/workspaces: Failed to reconnect socket (reason: Failed to connect to i3 at '/run/user/1000/i3/ipc-socket.1870': errno 2 (No such file or directory))
polybar|error: module/workspaces: Failed to reconnect socket (reason: Failed to connect to i3 at '/run/user/1000/i3/ipc-socket.1870': errno 2 (No such file or directory))
polybar|error: module/workspaces: Failed to reconnect socket (reason: Failed to connect to i3 at '/run/user/1000/i3/ipc-socket.1870': errno 2 (No such file or directory))
polybar|warn:  module/workspaces: Attempting to reconnect socket (reason: Failed to read header from socket 0xc: errno 22 (Invalid argument))
polybar|warn:  module/workspaces: Attempting to reconnect socket (reason: Failed to read header from socket 0xc: errno 22 (Invalid argument))
polybar|warn:  module/workspaces: Attempting to reconnect socket (reason: Failed to read header from socket 0xc: errno 22 (Invalid argument))
polybar|error: Parser error (reason: Invalid color: '${colors.violet' (Context: '%{F${colors.violet'))
polybar|error: Parser error (reason: Invalid color: '${colors.violet' (Context: '%{F${colors.violet'))
polybar|warn:  Dropping unmatched character '' (U+f192) in '}} 3 '
polybar|warn:  Dropping unmatched character '' (U+f192) in '}} 3 '
polybar|warn:  Dropping unmatched character '' (U+e0b3) in '2025-08-01  09:55:40'
polybar|warn:  Dropping unmatched character '' (U+e0b3) in '2025-08-01  09:55:40'
polybar|warn:  Dropping unmatched character '' (U+f2db) in ' <usage> '
polybar|warn:  Dropping unmatched character '' (U+f444) in ' <usage> '
polybar|warn:  Dropping unmatched character '' (U+f538) in ' <used_mem> '
polybar|warn:  Dropping unmatched character '' (U+f2db) in ' <usage> '
polybar|error: Parser error (reason: Invalid color: '${colors.violet' (Context: '%{F${colors.violet'))
polybar|warn:  Dropping unmatched character '' (U+e266) in ' <used_mem> '
polybar|warn:  Dropping unmatched character '' (U+f444) in ' <usage> '
polybar|warn:  Dropping unmatched character '' (U+f192) in '}} 3 '
polybar|warn:  Dropping unmatched character '' (U+f538) in ' <used_mem> '
polybar|warn:  Dropping unmatched character '' (U+e266) in ' <used_mem> '
polybar|warn:  Dropping unmatched character '' (U+e0b3) in '2025-08-01  09:55:40'
polybar|warn:  Dropping unmatched character '' (U+f2db) in ' <usage> '
polybar|warn:  Dropping unmatched character '' (U+f444) in ' <usage> '
polybar|warn:  Dropping unmatched character '' (U+f538) in ' <used_mem> '
polybar|warn:  Dropping unmatched character '' (U+e266) in ' <used_mem> '
polybar|error: Parser error (reason: Invalid color: '${colors.violet' (Context: '%{F${colors.violet'))
polybar|warn:  Dropping unmatched character '' (U+f192) in '}} 2 '
polybar|error: Parser error (reason: Invalid color: '${colors.violet' (Context: '%{F${colors.violet'))
polybar|warn:  Dropping unmatched character '' (U+e0b3) in '2025-08-01  09:55:40'
polybar|warn:  Dropping unmatched character '' (U+f192) in '}} 2 '
polybar|warn:  Dropping unmatched character '' (U+f2db) in ' <usage> '
polybar|warn:  Dropping unmatched character '' (U+f444) in ' <usage> '
polybar|warn:  Dropping unmatched character '' (U+f538) in ' <used_mem> '
polybar|warn:  Dropping unmatched character '' (U+e0b3) in '2025-08-01  09:55:40'
polybar|warn:  Dropping unmatched character '' (U+e266) in ' <used_mem> '
polybar|warn:  Dropping unmatched character '' (U+f2db) in ' <usage> '
polybar|warn:  Dropping unmatched character '' (U+f444) in ' <usage> '
polybar|warn:  Dropping unmatched character '' (U+f538) in ' <used_mem> '
polybar|warn:  Dropping unmatched character '' (U+e266) in ' <used_mem> '
polybar|error: Parser error (reason: Invalid color: '${colors.violet' (Context: '%{F${colors.violet'))
polybar|warn:  Dropping unmatched character '' (U+f192) in '}} 2 '
polybar|warn:  Dropping unmatched character '' (U+e0b3) in '2025-08-01  09:55:40'
polybar|warn:  Dropping unmatched character '' (U+f2db) in ' <usage> '
polybar|warn:  Dropping unmatched character '' (U+f444) in ' <usage> '
polybar|warn:  Dropping unmatched character '' (U+f538) in ' <used_mem> '
polybar|warn:  Dropping unmatched character '' (U+e266) in ' <used_mem> '
polybar|error: Parser error (reason: Invalid color: '${colors.violet' (Context: '%{F${colors.violet'))
polybar|warn:  Dropping unmatched character '' (U+f192) in '}} 3 '
polybar|warn:  Dropping unmatched character '' (U+e0b3) in '2025-08-01  09:55:40'
polybar|error: Parser error (reason: Invalid color: '${colors.violet' (Context: '%{F${colors.violet'))
polybar|warn:  Dropping unmatched character '' (U+f2db) in ' <usage> '
polybar|warn:  Dropping unmatched character '' (U+f192) in '}} 3 '
polybar|warn:  Dropping unmatched character '' (U+f444) in ' <usage> '
polybar|warn:  Dropping unmatched character '' (U+f538) in ' <used_mem> '
polybar|warn:  Dropping unmatched character '' (U+e266) in ' <used_mem> '
polybar|warn:  Dropping unmatched character '' (U+e0b3) in '2025-08-01  09:55:40'
polybar|warn:  Dropping unmatched character '' (U+f2db) in ' <usage> '
polybar|warn:  Dropping unmatched character '' (U+f444) in ' <usage> '
polybar|warn:  Dropping unmatched character '' (U+f538) in ' <used_mem> '
polybar|warn:  Dropping unmatched character '' (U+e266) in ' <used_mem> '
polybar|error: Parser error (reason: Invalid color: '${colors.violet' (Context: '%{F${colors.violet'))
polybar|warn:  Dropping unmatched character '' (U+f192) in '}} 3 '
polybar|warn:  Dropping unmatched character '' (U+e0b3) in '2025-08-01  09:55:40'
polybar|warn:  Dropping unmatched character '' (U+f2db) in ' <usage> '
polybar|warn:  Dropping unmatched character '' (U+f444) in ' <usage> '
polybar|warn:  Dropping unmatched character '' (U+f538) in ' <used_mem> '
polybar|warn:  Dropping unmatched character '' (U+e266) in ' <used_mem> '
polybar|error: Parser error (reason: Invalid color: '${colors.violet' (Context: '%{F${colors.violet'))
polybar|error: Parser error (reason: Invalid color: '${colors.violet' (Context: '%{F${colors.violet'))
polybar|warn:  Dropping unmatched character '' (U+f192) in '}} 3 '
polybar|warn:  Dropping unmatched character '' (U+f192) in '}} 3 '
polybar|warn:  Dropping unmatched character '' (U+e0b3) in '2025-08-01  09:55:45'
polybar|warn:  Dropping unmatched character '' (U+f2db) in ' <usage> '
polybar|warn:  Dropping unmatched character '' (U+e0b3) in '2025-08-01  09:55:45'
polybar|warn:  Dropping unmatched character '' (U+f444) in ' <usage> '
polybar|warn:  Dropping unmatched character '' (U+f538) in ' <used_mem> '
polybar|warn:  Dropping unmatched character '' (U+e266) in ' <used_mem> '
polybar|warn:  Dropping unmatched character '' (U+f2db) in ' <usage> '
polybar|error: Parser error (reason: Invalid color: '${colors.violet' (Context: '%{F${colors.violet'))
polybar|warn:  Dropping unmatched character '' (U+f444) in ' <usage> '
polybar|warn:  Dropping unmatched character '' (U+f192) in '}} 3 '
polybar|warn:  Dropping unmatched character '' (U+f538) in ' <used_mem> '
polybar|warn:  Dropping unmatched character '' (U+e266) in ' <used_mem> '
polybar|warn:  Dropping unmatched character '' (U+e0b3) in '2025-08-01  09:55:45'
polybar|warn:  Dropping unmatched character '' (U+f2db) in ' <usage> '
polybar|warn:  Dropping unmatched character '' (U+f444) in ' <usage> '
polybar|warn:  Dropping unmatched character '' (U+f538) in ' <used_mem> '
polybar|warn:  Dropping unmatched character '' (U+e266) in ' <used_mem> '
polybar|error: Parser error (reason: Invalid color: '${colors.violet' (Context: '%{F${colors.violet'))
polybar|warn:  Dropping unmatched character '' (U+f192) in '}} 2 '
polybar|warn:  Dropping unmatched character '' (U+e0b3) in '2025-08-01  09:55:45'
polybar|error: Parser error (reason: Invalid color: '${colors.violet' (Context: '%{F${colors.violet'))
polybar|warn:  Dropping unmatched character '' (U+f2db) in ' <usage> '
polybar|error: Parser error (reason: Invalid color: '${colors.violet' (Context: '%{F${colors.violet'))
polybar|warn:  Dropping unmatched character '' (U+f444) in ' <usage> '
polybar|warn:  Dropping unmatched character '' (U+f192) in '}} 2 '
polybar|warn:  Dropping unmatched character '' (U+f192) in '}} 2 '
polybar|warn:  Dropping unmatched character '' (U+f538) in ' <used_mem> '
polybar|warn:  Dropping unmatched character '' (U+e266) in ' <used_mem> '
polybar|warn:  Dropping unmatched character '' (U+e0b3) in '2025-08-01  09:55:45'
polybar|warn:  Dropping unmatched character '' (U+e0b3) in '2025-08-01  09:55:45'
polybar|warn:  Dropping unmatched character '' (U+f2db) in ' <usage> '
polybar|warn:  Dropping unmatched character '' (U+f2db) in ' <usage> '
polybar|warn:  Dropping unmatched character '' (U+f444) in ' <usage> '
polybar|warn:  Dropping unmatched character '' (U+f444) in ' <usage> '
polybar|warn:  Dropping unmatched character '' (U+f538) in ' <used_mem> '
polybar|warn:  Dropping unmatched character '' (U+f538) in ' <used_mem> '
polybar|warn:  Dropping unmatched character '' (U+e266) in ' <used_mem> '
polybar|warn:  Dropping unmatched character '' (U+e266) in ' <used_mem> '
polybar|error: Parser error (reason: Invalid color: '${colors.violet' (Context: '%{F${colors.violet'))
polybar|warn:  Dropping unmatched character '' (U+f192) in '}} 1 '
polybar|warn:  Dropping unmatched character '' (U+e0b3) in '2025-08-01  09:55:45'
polybar|warn:  Dropping unmatched character '' (U+f2db) in ' <usage> '
polybar|warn:  Dropping unmatched character '' (U+f444) in ' <usage> '
polybar|warn:  Dropping unmatched character '' (U+f538) in ' <used_mem> '
polybar|error: Parser error (reason: Invalid color: '${colors.violet' (Context: '%{F${colors.violet'))
polybar|error: Parser error (reason: Invalid color: '${colors.violet' (Context: '%{F${colors.violet'))
polybar|warn:  Dropping unmatched character '' (U+e266) in ' <used_mem> '
polybar|warn:  Dropping unmatched character '' (U+f192) in '}} 1 '
polybar|warn:  Dropping unmatched character '' (U+f192) in '}} 1 '
polybar|warn:  Dropping unmatched character '' (U+e0b3) in '2025-08-01  09:55:45'
polybar|warn:  Dropping unmatched character '' (U+e0b3) in '2025-08-01  09:55:45'
polybar|warn:  Dropping unmatched character '' (U+f2db) in ' <usage> '
polybar|warn:  Dropping unmatched character '' (U+f444) in ' <usage> '
polybar|warn:  Dropping unmatched character '' (U+f2db) in ' <usage> '
polybar|warn:  Dropping unmatched character '' (U+f538) in ' <used_mem> '
polybar|warn:  Dropping unmatched character '' (U+e266) in ' <used_mem> '
polybar|warn:  Dropping unmatched character '' (U+f444) in ' <usage> '
polybar|warn:  Dropping unmatched character '' (U+f538) in ' <used_mem> '
polybar|warn:  Dropping unmatched character '' (U+e266) in ' <used_mem> '
polybar|error: Parser error (reason: Invalid color: '${colors.violet' (Context: '%{F${colors.violet'))
polybar|warn:  Dropping unmatched character '' (U+f192) in '}} 2 '
polybar|error: Parser error (reason: Invalid color: '${colors.violet' (Context: '%{F${colors.violet'))
polybar|warn:  Dropping unmatched character '' (U+f192) in '}} 2 '
polybar|warn:  Dropping unmatched character '' (U+e0b3) in '2025-08-01  09:55:45'
polybar|warn:  Dropping unmatched character '' (U+f2db) in ' <usage> '
polybar|warn:  Dropping unmatched character '' (U+e0b3) in '2025-08-01  09:55:45'
polybar|warn:  Dropping unmatched character '' (U+f444) in ' <usage> '
polybar|warn:  Dropping unmatched character '' (U+f538) in ' <used_mem> '
polybar|warn:  Dropping unmatched character '' (U+f2db) in ' <usage> '
polybar|warn:  Dropping unmatched character '' (U+e266) in ' <used_mem> '
polybar|warn:  Dropping unmatched character '' (U+f444) in ' <usage> '
polybar|warn:  Dropping unmatched character '' (U+f538) in ' <used_mem> '
polybar|warn:  Dropping unmatched character '' (U+e266) in ' <used_mem> '
polybar|error: Parser error (reason: Invalid color: '${colors.violet' (Context: '%{F${colors.violet'))
polybar|warn:  Dropping unmatched character '' (U+f192) in '}} 2 '
polybar|warn:  Dropping unmatched character '' (U+e0b3) in '2025-08-01  09:55:45'
polybar|warn:  Dropping unmatched character '' (U+f2db) in ' <usage> '
polybar|warn:  Dropping unmatched character '' (U+f444) in ' <usage> '
polybar|warn:  Dropping unmatched character '' (U+f538) in ' <used_mem> '
polybar|warn:  Dropping unmatched character '' (U+e266) in ' <used_mem> '
polybar|error: Parser error (reason: Invalid color: '${colors.violet' (Context: '%{F${colors.violet'))
polybar|warn:  Dropping unmatched character '' (U+f192) in '}} 2 '
polybar|error: Parser error (reason: Invalid color: '${colors.violet' (Context: '%{F${colors.violet'))
polybar|warn:  Dropping unmatched character '' (U+e0b3) in '2025-08-01  09:55:50'
polybar|warn:  Dropping unmatched character '' (U+f192) in '}} 2 '
polybar|warn:  Dropping unmatched character '' (U+f2db) in ' <usage> '
polybar|warn:  Dropping unmatched character '' (U+f444) in ' <usage> '
polybar|warn:  Dropping unmatched character '' (U+f538) in ' <used_mem> '
polybar|error: Parser error (reason: Invalid color: '${colors.violet' (Context: '%{F${colors.violet'))
polybar|warn:  Dropping unmatched character '' (U+e266) in ' <used_mem> '
polybar|warn:  Dropping unmatched character '' (U+f192) in '}} 2 '
polybar|warn:  Dropping unmatched character '' (U+e0b3) in '2025-08-01  09:55:50'
polybar|warn:  Dropping unmatched character '' (U+f2db) in ' <usage> '
polybar|warn:  Dropping unmatched character '' (U+e0b3) in '2025-08-01  09:55:50'
polybar|warn:  Dropping unmatched character '' (U+f2db) in ' <usage> '
polybar|warn:  Dropping unmatched character '' (U+f444) in ' <usage> '
polybar|warn:  Dropping unmatched character '' (U+f444) in ' <usage> '
polybar|warn:  Dropping unmatched character '' (U+f538) in ' <used_mem> '
polybar|warn:  Dropping unmatched character '' (U+e266) in ' <used_mem> '
polybar|warn:  Dropping unmatched character '' (U+f538) in ' <used_mem> '
polybar|warn:  Dropping unmatched character '' (U+e266) in ' <used_mem> '
polybar|notice:  Received signal(15): Terminated
polybar|notice:  Received signal(15): Terminated
polybar|notice:  Termination signal received, shutting down...
polybar|notice:  Termination signal received, shutting down...
polybar|notice:  Received signal(15): Terminated
polybar|notice:  Termination signal received, shutting down...
polybar|warn:  module/workspaces: Attempting to reconnect socket (reason: Unexpected EOF while reading header)
polybar|warn:  module/workspaces: Attempting to reconnect socket (reason: Unexpected EOF while reading header)
polybar|warn:  module/workspaces: Attempting to reconnect socket (reason: Unexpected EOF while reading header)
